"id","batch_id","student_id","coach_id","date","status","check_in","check_out","marked_by","session_period","remarks"
"at_00001","b_tts_int_c3","st_aarohi_singhal","coach-1","2026-07-25","PRESENT","06:00","08:00","coach_jagdish","full_day",""
"at_00002","b_tts_int_c4","st_amaira_chauhan","coach-1","2026-07-25","PRESENT","06:00","08:00","coach_nanu","full_day",""
"at_00003","b_tts_int_c4","st_arjun_choudhary","coach-1","2026-07-25","PRESENT","06:00","08:00","coach_nanu","full_day",""
"at_00004","b_tts_int_c5","st_hrivaan_mehta","coach-1","2026-07-25","EXCUSED","06:00","08:00","coach_anil","full_day",""
"at_00005","b_tts_int_c5","st_siddharth_dsouza","coach-1","2026-07-25","PRESENT","06:00","08:00","coach_anil","full_day",""
"at_00006","b_tts_int_c5","st_vivaan_mehra","coach-1","2026-07-25","PRESENT","06:00","08:00","coach_anil","full_day",""
"at_00007","b_tts_int_c5","st_kimaya_katyal","coach-1","2026-07-25","PRESENT","06:00","08:00","coach_anil","full_day",""
"at_00008","b_tts_green_c5","st_inez_mehra","coach-1","2026-07-25","EXCUSED","06:00","08:00","coach_karan","full_day",""
"at_00009","b_tts_green_c5","st_vrahad_arora","coach-1","2026-07-25","PRESENT","06:00","08:00","coach_karan","full_day",""
"at_00010","b_tts_green_c5","st_aksania_atal","coach-1","2026-07-25","PRESENT","06:00","08:00","coach_karan","full_day",""
"at_00011","b_tts_green_c5","st_arjun_shah","coach-1","2026-07-25","PRESENT","06:00","08:00","coach_karan","full_day",""
"at_00012","b_tts_green_c5","st_shivya_poddar","coach-1","2026-07-25","PRESENT","06:00","08:00","coach_karan","full_day",""
"at_00013","b_tts_green_c5","st_ayaan_sheth","coach-1","2026-07-25","PRESENT","06:00","08:00","coach_karan","full_day",""
"at_00014","b_tts_green_c5","st_arhaan_sanghvi","coach-1","2026-07-25","PRESENT","06:00","08:00","coach_karan","full_day",""
"at_00015","b_tts_green_c5","st_ananya_rajani","coach-1","2026-07-25","EXCUSED","06:00","08:00","coach_karan","full_day",""
"at_00016","b_tts_green_c5","st_vivaan_oza","coach-1","2026-07-25","PRESENT","06:00","08:00","coach_karan","full_day",""
"at_00017","b_tts_green_c5","st_vihaan_vasant","coach-1","2026-07-25","PRESENT","06:00","08:00","coach_karan","full_day",""
"at_00018","b_tts_green_c6","st_amara_yalla","coach-1","2026-07-25","PRESENT","06:00","08:00","coach_karim","full_day",""
"at_00019","b_tts_green_c6","st_ahaan_kewalramani","coach-1","2026-07-25","PRESENT","06:00","08:00","coach_karim","full_day",""
"at_00020","b_tts_green_c6","st_viana_shah","coach-1","2026-07-25","ABSENT","06:00","08:00","coach_karim","full_day",""
"at_00021","b_tts_red_c6","st_ivana_ganeriwal","coach-1","2026-07-25","PRESENT","06:00","08:00","coach_sunil","full_day",""
"at_00022","b_tts_red_c6","st_kavir_chopra","coach-1","2026-07-25","PRESENT","06:00","08:00","coach_sunil","full_day",""
"at_00023","b_tts_red_c6","st_ariaan_khandelwal","coach-1","2026-07-25","PRESENT","06:00","08:00","coach_sunil","full_day",""
"at_00024","b_tts_red_c6","st_kianna_jain","coach-1","2026-07-25","ABSENT","06:00","08:00","coach_sunil","full_day",""
"at_00025","b_tts_red_c6","st_zayn_winston","coach-1","2026-07-25","EXCUSED","06:00","08:00","coach_sunil","full_day",""
"at_00026","b_tts_red_c6","st_parth_mehta","coach-1","2026-07-25","PRESENT","06:00","08:00","coach_sunil","full_day",""
"at_00027","b_tts_red_c6","st_avish_shah","coach-1","2026-07-25","PRESENT","06:00","08:00","coach_sunil","full_day",""
"at_00028","b_tts_red_c6","st_anaiza_jhaveri","coach-1","2026-07-25","PRESENT","06:00","08:00","coach_sunil","full_day",""
"at_00029","b_tts_red_c6","st_shauraya_sekhani","coach-1","2026-07-25","PRESENT","06:00","08:00","coach_sunil","full_day",""
"at_00030","b_tts_red_c6","st_nihira_desai","coach-1","2026-07-25","PRESENT","06:00","08:00","coach_sunil","full_day",""
"at_00031","b_tts_red_c6","st_kaira_vajifdar","coach-1","2026-07-25","PRESENT","06:00","08:00","coach_sunil","full_day",""
"at_00032","b_tts_red_c6","st_sohana_chandanani","coach-1","2026-07-25","PRESENT","06:00","08:00","coach_sunil","full_day",""
"at_00033","b_tts_fit_c6","st_amara_yalla","coach-1","2026-07-25","EXCUSED","06:00","08:00","coach_fitness","full_day",""
"at_00034","b_tts_fit_c6","st_viana_shah","coach-1","2026-07-25","ABSENT","06:00","08:00","coach_fitness","full_day",""
"at_00035","b_tts_fit_c6","st_aarohi_singhal","coach-1","2026-07-25","PRESENT","06:00","08:00","coach_fitness","full_day",""
"at_00036","b_wk_u8_230","st_prashi_iyer","coach-1","2026-07-25","PRESENT","06:00","08:00","coach_sunil","full_day",""
"at_00037","b_wk_u8_230","st_tanuj_gupte","coach-1","2026-07-25","PRESENT","06:00","08:00","coach_sunil","full_day",""
"at_00038","b_wk_u8_230","st_shivaay_ruia","coach-1","2026-07-25","PRESENT","06:00","08:00","coach_sunil","full_day",""
"at_00039","b_wk_u8_230","st_vansh_katari","coach-1","2026-07-25","PRESENT","06:00","08:00","coach_sunil","full_day",""
"at_00040","b_wk_u8_230","st_prabhit_kanakia","coach-1","2026-07-25","PRESENT","06:00","08:00","coach_sunil","full_day",""
"at_00041","b_wk_8p_230","st_ziana_vora","coach-1","2026-07-25","PRESENT","06:00","08:00","coach_karan","full_day",""
"at_00042","b_wk_8p_230","st_naavya_desai","coach-1","2026-07-25","ABSENT","06:00","08:00","coach_karan","full_day",""
"at_00043","b_wk_u8_330","st_sasha_saini","coach-1","2026-07-25","PRESENT","06:00","08:00","coach_sunil","full_day",""
"at_00044","b_wk_u8_330","st_shivan_chauhan","coach-1","2026-07-25","PRESENT","06:00","08:00","coach_sunil","full_day",""
"at_00045","b_wk_u8_330","st_advait_parekh","coach-1","2026-07-25","PRESENT","06:00","08:00","coach_sunil","full_day",""
"at_00046","b_wk_u8_330","st_rada_saran_koshcheeva","coach-1","2026-07-25","PRESENT","06:00","08:00","coach_sunil","full_day",""
"at_00047","b_wk_u8_330","st_maahi_pabari","coach-1","2026-07-25","PRESENT","06:00","08:00","coach_sunil","full_day",""
"at_00048","b_wk_u8_330","st_dhven_mukhi","coach-1","2026-07-25","PRESENT","06:00","08:00","coach_sunil","full_day",""
"at_00049","b_wk_8p_330","st_kyra_golcha","coach-1","2026-07-25","PRESENT","06:00","08:00","coach_karan","full_day",""
"at_00050","b_wk_8p_330","st_aditya_kapadia","coach-1","2026-07-25","PRESENT","06:00","08:00","coach_karan","full_day",""
"at_00051","b_wk_8p_330","st_ananya_kapadia","coach-1","2026-07-25","PRESENT","06:00","08:00","coach_karan","full_day",""
"at_00052","b_wk_8p_330","st_rehaan_merchant","coach-1","2026-07-25","PRESENT","06:00","08:00","coach_karan","full_day",""
"at_00053","b_wk_u8_230","st_prashi_iyer","coach-1","2026-07-26","PRESENT","06:00","08:00","coach_sunil","full_day",""
"at_00054","b_wk_u8_230","st_tanuj_gupte","coach-1","2026-07-26","PRESENT","06:00","08:00","coach_sunil","full_day",""
"at_00055","b_wk_u8_230","st_shivaay_ruia","coach-1","2026-07-26","PRESENT","06:00","08:00","coach_sunil","full_day",""
"at_00056","b_wk_u8_230","st_vansh_katari","coach-1","2026-07-26","PRESENT","06:00","08:00","coach_sunil","full_day",""
"at_00057","b_wk_u8_230","st_prabhit_kanakia","coach-1","2026-07-26","PRESENT","06:00","08:00","coach_sunil","full_day",""
"at_00058","b_wk_8p_230","st_ziana_vora","coach-1","2026-07-26","PRESENT","06:00","08:00","coach_karan","full_day",""
"at_00059","b_wk_8p_230","st_naavya_desai","coach-1","2026-07-26","PRESENT","06:00","08:00","coach_karan","full_day",""
"at_00060","b_wk_u8_330","st_sasha_saini","coach-1","2026-07-26","PRESENT","06:00","08:00","coach_sunil","full_day",""
"at_00061","b_wk_u8_330","st_shivan_chauhan","coach-1","2026-07-26","PRESENT","06:00","08:00","coach_sunil","full_day",""
"at_00062","b_wk_u8_330","st_advait_parekh","coach-1","2026-07-26","PRESENT","06:00","08:00","coach_sunil","full_day",""
"at_00063","b_wk_u8_330","st_rada_saran_koshcheeva","coach-1","2026-07-26","PRESENT","06:00","08:00","coach_sunil","full_day",""
"at_00064","b_wk_u8_330","st_maahi_pabari","coach-1","2026-07-26","PRESENT","06:00","08:00","coach_sunil","full_day",""
"at_00065","b_wk_u8_330","st_dhven_mukhi","coach-1","2026-07-26","LATE","06:00","08:00","coach_sunil","full_day",""
"at_00066","b_wk_8p_330","st_kyra_golcha","coach-1","2026-07-26","PRESENT","06:00","08:00","coach_karan","full_day",""
"at_00067","b_wk_8p_330","st_aditya_kapadia","coach-1","2026-07-26","LATE","06:00","08:00","coach_karan","full_day",""
"at_00068","b_wk_8p_330","st_ananya_kapadia","coach-1","2026-07-26","PRESENT","06:00","08:00","coach_karan","full_day",""
"at_00069","b_wk_8p_330","st_rehaan_merchant","coach-1","2026-07-26","PRESENT","06:00","08:00","coach_karan","full_day",""
"at_00070","b_mwf_adv_c2","st_kaisha_mehta","coach-1","2026-07-27","LATE","06:00","08:00","coach_jagdish","full_day",""
"at_00071","b_mwf_adv_c2","st_arhaan_dutt","coach-1","2026-07-27","PRESENT","06:00","08:00","coach_jagdish","full_day",""
"at_00072","b_mwf_adv_c2","st_siddharth_dsouza","coach-1","2026-07-27","PRESENT","06:00","08:00","coach_jagdish","full_day",""
"at_00073","b_mwf_adv_c2","st_hrivaan_mehta","coach-1","2026-07-27","PRESENT","06:00","08:00","coach_jagdish","full_day",""
"at_00074","b_mwf_adv_c3","st_aarush_khanna","coach-1","2026-07-27","PRESENT","06:00","08:00","coach_nanu","full_day",""
"at_00075","b_mwf_adv_c3","st_aadvik_khanna","coach-1","2026-07-27","PRESENT","06:00","08:00","coach_nanu","full_day",""
"at_00076","b_mwf_adv_c3","st_thiyaan_manik","coach-1","2026-07-27","PRESENT","06:00","08:00","coach_nanu","full_day",""
"at_00077","b_mwf_adv_c3","st_arjun_moorthy","coach-1","2026-07-27","PRESENT","06:00","08:00","coach_nanu","full_day",""
"at_00078","b_mwf_adv_c4","st_abir_sukhani","coach-1","2026-07-27","PRESENT","06:00","08:00","coach_santosh","full_day",""
"at_00079","b_mwf_adv_c4","st_yuvaan_bajaj","coach-1","2026-07-27","PRESENT","06:00","08:00","coach_santosh","full_day",""
"at_00080","b_mwf_adv_c5","st_kabir_ludhani","coach-1","2026-07-27","PRESENT","06:00","08:00","coach_anil","full_day",""
"at_00081","b_mwf_adv_c5","st_ayaan_salot","coach-1","2026-07-27","PRESENT","06:00","08:00","coach_anil","full_day",""
"at_00082","b_mwf_adv_c5","st_vivaan_mehra","coach-1","2026-07-27","PRESENT","06:00","08:00","coach_anil","full_day",""
"at_00083","b_mwf_adv_c5","st_dev_karnik","coach-1","2026-07-27","EXCUSED","06:00","08:00","coach_anil","full_day",""
"at_00084","b_mwf_advgrn_c6","st_arjun_arya","coach-1","2026-07-27","ABSENT","06:00","08:00","coach_vinod","full_day",""
"at_00085","b_mwf_advgrn_c6","st_aarav_chandra","coach-1","2026-07-27","PRESENT","06:00","08:00","coach_vinod","full_day",""
"at_00086","b_mwf_orange_c5","st_aalya_saini","coach-1","2026-07-27","PRESENT","06:00","08:00","coach_karan","full_day",""
"at_00087","b_mwf_orange_c5","st_alina_yalla","coach-1","2026-07-27","ABSENT","06:00","08:00","coach_karan","full_day",""
"at_00088","b_mwf_orange_c5","st_aarush_sanghvi","coach-1","2026-07-27","PRESENT","06:00","08:00","coach_karan","full_day",""
"at_00089","b_mwf_orange_c5","st_meera_vivek","coach-1","2026-07-27","LATE","06:00","08:00","coach_karan","full_day",""
"at_00090","b_mwf_orange_c5","st_krisha_desai","coach-1","2026-07-27","PRESENT","06:00","08:00","coach_karan","full_day",""
"at_00091","b_mwf_orange_c5","st_aarshiv_karla","coach-1","2026-07-27","PRESENT","06:00","08:00","coach_karan","full_day",""
"at_00092","b_mwf_orange_c5","st_aroush_mehta","coach-1","2026-07-27","PRESENT","06:00","08:00","coach_karan","full_day",""
"at_00093","b_mwf_orange_c5","st_ivanka_chouhan","coach-1","2026-07-27","PRESENT","06:00","08:00","coach_karan","full_day",""
"at_00094","b_mwf_orange_c5","st_aarav_sanghvi","coach-1","2026-07-27","PRESENT","06:00","08:00","coach_karan","full_day",""
"at_00095","b_mwf_red_c6","st_shaurya_kothari","coach-1","2026-07-27","PRESENT","06:00","08:00","coach_sunil","full_day",""
"at_00096","b_mwf_red_c6","st_aarav_heble","coach-1","2026-07-27","PRESENT","06:00","08:00","coach_sunil","full_day",""
"at_00097","b_mwf_red_c6","st_aveer_vasant","coach-1","2026-07-27","PRESENT","06:00","08:00","coach_sunil","full_day",""
"at_00098","b_mwf_red_c6","st_alyssa_modawalla","coach-1","2026-07-27","PRESENT","06:00","08:00","coach_sunil","full_day",""
"at_00099","b_mwf_red_c6","st_aveera_rathod","coach-1","2026-07-27","EXCUSED","06:00","08:00","coach_sunil","full_day",""
"at_00100","b_mwf_red_c6","st_alyza_jhaveri","coach-1","2026-07-27","PRESENT","06:00","08:00","coach_sunil","full_day",""
"at_00101","b_mwf_red_c6","st_aryaveer_rathod","coach-1","2026-07-27","PRESENT","06:00","08:00","coach_sunil","full_day",""
"at_00102","b_mwf_red_c6","st_ananya_dodhia","coach-1","2026-07-27","PRESENT","06:00","08:00","coach_sunil","full_day",""
"at_00103","b_mwf_red_c6","st_divyansh_bhatija","coach-1","2026-07-27","PRESENT","06:00","08:00","coach_sunil","full_day",""
"at_00104","b_mwf_red_c6","st_arya_mehta","coach-1","2026-07-27","PRESENT","06:00","08:00","coach_sunil","full_day",""
"at_00105","b_mwf_red_c6","st_agastya_kalra","coach-1","2026-07-27","PRESENT","06:00","08:00","coach_sunil","full_day",""
"at_00106","b_mwf_red_c6","st_kiara_shah","coach-1","2026-07-27","PRESENT","06:00","08:00","coach_sunil","full_day",""
"at_00107","b_mwf_green_c3","st_zain_guzman","coach-1","2026-07-27","PRESENT","06:00","08:00","coach_karim","full_day",""
"at_00108","b_mwf_green_c3","st_avyaan_barot","coach-1","2026-07-27","PRESENT","06:00","08:00","coach_karim","full_day",""
"at_00109","b_mwf_fit_a","st_hrivaan_mehta","coach-1","2026-07-27","PRESENT","06:00","08:00","coach_fitness","full_day",""
"at_00110","b_mwf_fit_a","st_arjun_arya","coach-1","2026-07-27","PRESENT","06:00","08:00","coach_fitness","full_day",""
"at_00111","b_mwf_fit_a","st_dev_karnik","coach-1","2026-07-27","PRESENT","06:00","08:00","coach_fitness","full_day",""
"at_00112","b_mwf_fit_a","st_zahaan_sachdeva","coach-1","2026-07-27","PRESENT","06:00","08:00","coach_fitness","full_day",""
"at_00113","b_mwf_fit_a","st_riddhima_shah","coach-1","2026-07-27","PRESENT","06:00","08:00","coach_fitness","full_day",""
"at_00114","b_mwf_fit_a","st_ayaan_salot","coach-1","2026-07-27","PRESENT","06:00","08:00","coach_fitness","full_day",""
"at_00115","b_mwf_fit_b","st_siddhanth_dsouza","coach-1","2026-07-27","PRESENT","06:00","08:00","coach_fitness","full_day",""
"at_00116","b_mwf_fit_b","st_aarush_khanna","coach-1","2026-07-27","PRESENT","06:00","08:00","coach_fitness","full_day",""
"at_00117","b_mwf_fit_b","st_aadvik_khanna","coach-1","2026-07-27","PRESENT","06:00","08:00","coach_fitness","full_day",""
"at_00118","b_mwf_fit_b","st_kaisha_mehta","coach-1","2026-07-27","PRESENT","06:00","08:00","coach_fitness","full_day",""
"at_00119","b_mwf_fit_b","st_arhaan_dutt","coach-1","2026-07-27","PRESENT","06:00","08:00","coach_fitness","full_day",""
"at_00120","b_mwf_fit_b","st_kimaya_katyal","coach-1","2026-07-27","ABSENT","06:00","08:00","coach_fitness","full_day",""
"at_00121","b_tts_int_c3","st_aarohi_singhal","coach-1","2026-07-28","PRESENT","06:00","08:00","coach_jagdish","full_day",""
"at_00122","b_tts_int_c4","st_amaira_chauhan","coach-1","2026-07-28","PRESENT","06:00","08:00","coach_nanu","full_day",""
"at_00123","b_tts_int_c4","st_arjun_choudhary","coach-1","2026-07-28","PRESENT","06:00","08:00","coach_nanu","full_day",""
"at_00124","b_tts_int_c5","st_hrivaan_mehta","coach-1","2026-07-28","PRESENT","06:00","08:00","coach_anil","full_day",""
"at_00125","b_tts_int_c5","st_siddharth_dsouza","coach-1","2026-07-28","LATE","06:00","08:00","coach_anil","full_day",""
"at_00126","b_tts_int_c5","st_vivaan_mehra","coach-1","2026-07-28","PRESENT","06:00","08:00","coach_anil","full_day",""
"at_00127","b_tts_int_c5","st_kimaya_katyal","coach-1","2026-07-28","EXCUSED","06:00","08:00","coach_anil","full_day",""
"at_00128","b_tts_green_c5","st_inez_mehra","coach-1","2026-07-28","PRESENT","06:00","08:00","coach_karan","full_day",""
"at_00129","b_tts_green_c5","st_vrahad_arora","coach-1","2026-07-28","ABSENT","06:00","08:00","coach_karan","full_day",""
"at_00130","b_tts_green_c5","st_aksania_atal","coach-1","2026-07-28","PRESENT","06:00","08:00","coach_karan","full_day",""
"at_00131","b_tts_green_c5","st_arjun_shah","coach-1","2026-07-28","PRESENT","06:00","08:00","coach_karan","full_day",""
"at_00132","b_tts_green_c5","st_shivya_poddar","coach-1","2026-07-28","PRESENT","06:00","08:00","coach_karan","full_day",""
"at_00133","b_tts_green_c5","st_ayaan_sheth","coach-1","2026-07-28","PRESENT","06:00","08:00","coach_karan","full_day",""
"at_00134","b_tts_green_c5","st_arhaan_sanghvi","coach-1","2026-07-28","PRESENT","06:00","08:00","coach_karan","full_day",""
"at_00135","b_tts_green_c5","st_ananya_rajani","coach-1","2026-07-28","PRESENT","06:00","08:00","coach_karan","full_day",""
"at_00136","b_tts_green_c5","st_vivaan_oza","coach-1","2026-07-28","PRESENT","06:00","08:00","coach_karan","full_day",""
"at_00137","b_tts_green_c5","st_vihaan_vasant","coach-1","2026-07-28","PRESENT","06:00","08:00","coach_karan","full_day",""
"at_00138","b_tts_green_c6","st_amara_yalla","coach-1","2026-07-28","PRESENT","06:00","08:00","coach_karim","full_day",""
"at_00139","b_tts_green_c6","st_ahaan_kewalramani","coach-1","2026-07-28","PRESENT","06:00","08:00","coach_karim","full_day",""
"at_00140","b_tts_green_c6","st_viana_shah","coach-1","2026-07-28","PRESENT","06:00","08:00","coach_karim","full_day",""
"at_00141","b_tts_red_c6","st_ivana_ganeriwal","coach-1","2026-07-28","EXCUSED","06:00","08:00","coach_sunil","full_day",""
"at_00142","b_tts_red_c6","st_kavir_chopra","coach-1","2026-07-28","PRESENT","06:00","08:00","coach_sunil","full_day",""
"at_00143","b_tts_red_c6","st_ariaan_khandelwal","coach-1","2026-07-28","ABSENT","06:00","08:00","coach_sunil","full_day",""
"at_00144","b_tts_red_c6","st_kianna_jain","coach-1","2026-07-28","PRESENT","06:00","08:00","coach_sunil","full_day",""
"at_00145","b_tts_red_c6","st_zayn_winston","coach-1","2026-07-28","PRESENT","06:00","08:00","coach_sunil","full_day",""
"at_00146","b_tts_red_c6","st_parth_mehta","coach-1","2026-07-28","PRESENT","06:00","08:00","coach_sunil","full_day",""
"at_00147","b_tts_red_c6","st_avish_shah","coach-1","2026-07-28","LATE","06:00","08:00","coach_sunil","full_day",""
"at_00148","b_tts_red_c6","st_anaiza_jhaveri","coach-1","2026-07-28","PRESENT","06:00","08:00","coach_sunil","full_day",""
"at_00149","b_tts_red_c6","st_shauraya_sekhani","coach-1","2026-07-28","PRESENT","06:00","08:00","coach_sunil","full_day",""
"at_00150","b_tts_red_c6","st_nihira_desai","coach-1","2026-07-28","PRESENT","06:00","08:00","coach_sunil","full_day",""
"at_00151","b_tts_red_c6","st_kaira_vajifdar","coach-1","2026-07-28","PRESENT","06:00","08:00","coach_sunil","full_day",""
"at_00152","b_tts_red_c6","st_sohana_chandanani","coach-1","2026-07-28","PRESENT","06:00","08:00","coach_sunil","full_day",""
"at_00153","b_tts_fit_c6","st_amara_yalla","coach-1","2026-07-28","PRESENT","06:00","08:00","coach_fitness","full_day",""
"at_00154","b_tts_fit_c6","st_viana_shah","coach-1","2026-07-28","PRESENT","06:00","08:00","coach_fitness","full_day",""
"at_00155","b_tts_fit_c6","st_aarohi_singhal","coach-1","2026-07-28","PRESENT","06:00","08:00","coach_fitness","full_day",""
"at_00156","b_mwf_adv_c2","st_kaisha_mehta","coach-1","2026-07-29","PRESENT","06:00","08:00","coach_jagdish","full_day",""
"at_00157","b_mwf_adv_c2","st_arhaan_dutt","coach-1","2026-07-29","PRESENT","06:00","08:00","coach_jagdish","full_day",""
"at_00158","b_mwf_adv_c2","st_siddharth_dsouza","coach-1","2026-07-29","LATE","06:00","08:00","coach_jagdish","full_day",""
"at_00159","b_mwf_adv_c2","st_hrivaan_mehta","coach-1","2026-07-29","PRESENT","06:00","08:00","coach_jagdish","full_day",""
"at_00160","b_mwf_adv_c3","st_aarush_khanna","coach-1","2026-07-29","PRESENT","06:00","08:00","coach_nanu","full_day",""
"at_00161","b_mwf_adv_c3","st_aadvik_khanna","coach-1","2026-07-29","PRESENT","06:00","08:00","coach_nanu","full_day",""
"at_00162","b_mwf_adv_c3","st_thiyaan_manik","coach-1","2026-07-29","PRESENT","06:00","08:00","coach_nanu","full_day",""
"at_00163","b_mwf_adv_c3","st_arjun_moorthy","coach-1","2026-07-29","PRESENT","06:00","08:00","coach_nanu","full_day",""
"at_00164","b_mwf_adv_c4","st_abir_sukhani","coach-1","2026-07-29","PRESENT","06:00","08:00","coach_santosh","full_day",""
"at_00165","b_mwf_adv_c4","st_yuvaan_bajaj","coach-1","2026-07-29","PRESENT","06:00","08:00","coach_santosh","full_day",""
"at_00166","b_mwf_adv_c5","st_kabir_ludhani","coach-1","2026-07-29","PRESENT","06:00","08:00","coach_anil","full_day",""
"at_00167","b_mwf_adv_c5","st_ayaan_salot","coach-1","2026-07-29","PRESENT","06:00","08:00","coach_anil","full_day",""
"at_00168","b_mwf_adv_c5","st_vivaan_mehra","coach-1","2026-07-29","PRESENT","06:00","08:00","coach_anil","full_day",""
"at_00169","b_mwf_adv_c5","st_dev_karnik","coach-1","2026-07-29","PRESENT","06:00","08:00","coach_anil","full_day",""
"at_00170","b_mwf_advgrn_c6","st_arjun_arya","coach-1","2026-07-29","PRESENT","06:00","08:00","coach_vinod","full_day",""
"at_00171","b_mwf_advgrn_c6","st_aarav_chandra","coach-1","2026-07-29","PRESENT","06:00","08:00","coach_vinod","full_day",""
"at_00172","b_mwf_orange_c5","st_aalya_saini","coach-1","2026-07-29","PRESENT","06:00","08:00","coach_karan","full_day",""
"at_00173","b_mwf_orange_c5","st_alina_yalla","coach-1","2026-07-29","ABSENT","06:00","08:00","coach_karan","full_day",""
"at_00174","b_mwf_orange_c5","st_aarush_sanghvi","coach-1","2026-07-29","LATE","06:00","08:00","coach_karan","full_day",""
"at_00175","b_mwf_orange_c5","st_meera_vivek","coach-1","2026-07-29","PRESENT","06:00","08:00","coach_karan","full_day",""
"at_00176","b_mwf_orange_c5","st_krisha_desai","coach-1","2026-07-29","PRESENT","06:00","08:00","coach_karan","full_day",""
"at_00177","b_mwf_orange_c5","st_aarshiv_karla","coach-1","2026-07-29","EXCUSED","06:00","08:00","coach_karan","full_day",""
"at_00178","b_mwf_orange_c5","st_aroush_mehta","coach-1","2026-07-29","PRESENT","06:00","08:00","coach_karan","full_day",""
"at_00179","b_mwf_orange_c5","st_ivanka_chouhan","coach-1","2026-07-29","PRESENT","06:00","08:00","coach_karan","full_day",""
"at_00180","b_mwf_orange_c5","st_aarav_sanghvi","coach-1","2026-07-29","PRESENT","06:00","08:00","coach_karan","full_day",""
"at_00181","b_mwf_red_c6","st_shaurya_kothari","coach-1","2026-07-29","PRESENT","06:00","08:00","coach_sunil","full_day",""
"at_00182","b_mwf_red_c6","st_aarav_heble","coach-1","2026-07-29","PRESENT","06:00","08:00","coach_sunil","full_day",""
"at_00183","b_mwf_red_c6","st_aveer_vasant","coach-1","2026-07-29","PRESENT","06:00","08:00","coach_sunil","full_day",""
"at_00184","b_mwf_red_c6","st_alyssa_modawalla","coach-1","2026-07-29","PRESENT","06:00","08:00","coach_sunil","full_day",""
"at_00185","b_mwf_red_c6","st_aveera_rathod","coach-1","2026-07-29","PRESENT","06:00","08:00","coach_sunil","full_day",""
"at_00186","b_mwf_red_c6","st_alyza_jhaveri","coach-1","2026-07-29","PRESENT","06:00","08:00","coach_sunil","full_day",""
"at_00187","b_mwf_red_c6","st_aryaveer_rathod","coach-1","2026-07-29","PRESENT","06:00","08:00","coach_sunil","full_day",""
"at_00188","b_mwf_red_c6","st_ananya_dodhia","coach-1","2026-07-29","ABSENT","06:00","08:00","coach_sunil","full_day",""
"at_00189","b_mwf_red_c6","st_divyansh_bhatija","coach-1","2026-07-29","PRESENT","06:00","08:00","coach_sunil","full_day",""
"at_00190","b_mwf_red_c6","st_arya_mehta","coach-1","2026-07-29","PRESENT","06:00","08:00","coach_sunil","full_day",""
"at_00191","b_mwf_red_c6","st_agastya_kalra","coach-1","2026-07-29","PRESENT","06:00","08:00","coach_sunil","full_day",""
"at_00192","b_mwf_red_c6","st_kiara_shah","coach-1","2026-07-29","PRESENT","06:00","08:00","coach_sunil","full_day",""
"at_00193","b_mwf_green_c3","st_zain_guzman","coach-1","2026-07-29","PRESENT","06:00","08:00","coach_karim","full_day",""
"at_00194","b_mwf_green_c3","st_avyaan_barot","coach-1","2026-07-29","PRESENT","06:00","08:00","coach_karim","full_day",""
"at_00195","b_mwf_fit_a","st_hrivaan_mehta","coach-1","2026-07-29","PRESENT","06:00","08:00","coach_fitness","full_day",""
"at_00196","b_mwf_fit_a","st_arjun_arya","coach-1","2026-07-29","PRESENT","06:00","08:00","coach_fitness","full_day",""
"at_00197","b_mwf_fit_a","st_dev_karnik","coach-1","2026-07-29","PRESENT","06:00","08:00","coach_fitness","full_day",""
"at_00198","b_mwf_fit_a","st_zahaan_sachdeva","coach-1","2026-07-29","PRESENT","06:00","08:00","coach_fitness","full_day",""
"at_00199","b_mwf_fit_a","st_riddhima_shah","coach-1","2026-07-29","PRESENT","06:00","08:00","coach_fitness","full_day",""
"at_00200","b_mwf_fit_a","st_ayaan_salot","coach-1","2026-07-29","PRESENT","06:00","08:00","coach_fitness","full_day",""
"at_00201","b_mwf_fit_b","st_siddhanth_dsouza","coach-1","2026-07-29","PRESENT","06:00","08:00","coach_fitness","full_day",""
"at_00202","b_mwf_fit_b","st_aarush_khanna","coach-1","2026-07-29","PRESENT","06:00","08:00","coach_fitness","full_day",""
"at_00203","b_mwf_fit_b","st_aadvik_khanna","coach-1","2026-07-29","PRESENT","06:00","08:00","coach_fitness","full_day",""
"at_00204","b_mwf_fit_b","st_kaisha_mehta","coach-1","2026-07-29","PRESENT","06:00","08:00","coach_fitness","full_day",""
"at_00205","b_mwf_fit_b","st_arhaan_dutt","coach-1","2026-07-29","PRESENT","06:00","08:00","coach_fitness","full_day",""
"at_00206","b_mwf_fit_b","st_kimaya_katyal","coach-1","2026-07-29","PRESENT","06:00","08:00","coach_fitness","full_day",""
"at_00207","b_tts_int_c3","st_aarohi_singhal","coach-1","2026-07-30","PRESENT","06:00","08:00","coach_jagdish","full_day",""
"at_00208","b_tts_int_c4","st_amaira_chauhan","coach-1","2026-07-30","PRESENT","06:00","08:00","coach_nanu","full_day",""
"at_00209","b_tts_int_c4","st_arjun_choudhary","coach-1","2026-07-30","PRESENT","06:00","08:00","coach_nanu","full_day",""
"at_00210","b_tts_int_c5","st_hrivaan_mehta","coach-1","2026-07-30","PRESENT","06:00","08:00","coach_anil","full_day",""
"at_00211","b_tts_int_c5","st_siddharth_dsouza","coach-1","2026-07-30","PRESENT","06:00","08:00","coach_anil","full_day",""
"at_00212","b_tts_int_c5","st_vivaan_mehra","coach-1","2026-07-30","PRESENT","06:00","08:00","coach_anil","full_day",""
"at_00213","b_tts_int_c5","st_kimaya_katyal","coach-1","2026-07-30","PRESENT","06:00","08:00","coach_anil","full_day",""
"at_00214","b_tts_green_c5","st_inez_mehra","coach-1","2026-07-30","PRESENT","06:00","08:00","coach_karan","full_day",""
"at_00215","b_tts_green_c5","st_vrahad_arora","coach-1","2026-07-30","LATE","06:00","08:00","coach_karan","full_day",""
"at_00216","b_tts_green_c5","st_aksania_atal","coach-1","2026-07-30","PRESENT","06:00","08:00","coach_karan","full_day",""
"at_00217","b_tts_green_c5","st_arjun_shah","coach-1","2026-07-30","PRESENT","06:00","08:00","coach_karan","full_day",""
"at_00218","b_tts_green_c5","st_shivya_poddar","coach-1","2026-07-30","LATE","06:00","08:00","coach_karan","full_day",""
"at_00219","b_tts_green_c5","st_ayaan_sheth","coach-1","2026-07-30","PRESENT","06:00","08:00","coach_karan","full_day",""
"at_00220","b_tts_green_c5","st_arhaan_sanghvi","coach-1","2026-07-30","PRESENT","06:00","08:00","coach_karan","full_day",""
"at_00221","b_tts_green_c5","st_ananya_rajani","coach-1","2026-07-30","PRESENT","06:00","08:00","coach_karan","full_day",""
"at_00222","b_tts_green_c5","st_vivaan_oza","coach-1","2026-07-30","PRESENT","06:00","08:00","coach_karan","full_day",""
"at_00223","b_tts_green_c5","st_vihaan_vasant","coach-1","2026-07-30","PRESENT","06:00","08:00","coach_karan","full_day",""
"at_00224","b_tts_green_c6","st_amara_yalla","coach-1","2026-07-30","PRESENT","06:00","08:00","coach_karim","full_day",""
"at_00225","b_tts_green_c6","st_ahaan_kewalramani","coach-1","2026-07-30","PRESENT","06:00","08:00","coach_karim","full_day",""
"at_00226","b_tts_green_c6","st_viana_shah","coach-1","2026-07-30","PRESENT","06:00","08:00","coach_karim","full_day",""
"at_00227","b_tts_red_c6","st_ivana_ganeriwal","coach-1","2026-07-30","PRESENT","06:00","08:00","coach_sunil","full_day",""
"at_00228","b_tts_red_c6","st_kavir_chopra","coach-1","2026-07-30","PRESENT","06:00","08:00","coach_sunil","full_day",""
"at_00229","b_tts_red_c6","st_ariaan_khandelwal","coach-1","2026-07-30","PRESENT","06:00","08:00","coach_sunil","full_day",""
"at_00230","b_tts_red_c6","st_kianna_jain","coach-1","2026-07-30","PRESENT","06:00","08:00","coach_sunil","full_day",""
"at_00231","b_tts_red_c6","st_zayn_winston","coach-1","2026-07-30","PRESENT","06:00","08:00","coach_sunil","full_day",""
"at_00232","b_tts_red_c6","st_parth_mehta","coach-1","2026-07-30","PRESENT","06:00","08:00","coach_sunil","full_day",""
"at_00233","b_tts_red_c6","st_avish_shah","coach-1","2026-07-30","PRESENT","06:00","08:00","coach_sunil","full_day",""
"at_00234","b_tts_red_c6","st_anaiza_jhaveri","coach-1","2026-07-30","PRESENT","06:00","08:00","coach_sunil","full_day",""
"at_00235","b_tts_red_c6","st_shauraya_sekhani","coach-1","2026-07-30","PRESENT","06:00","08:00","coach_sunil","full_day",""
"at_00236","b_tts_red_c6","st_nihira_desai","coach-1","2026-07-30","PRESENT","06:00","08:00","coach_sunil","full_day",""
"at_00237","b_tts_red_c6","st_kaira_vajifdar","coach-1","2026-07-30","PRESENT","06:00","08:00","coach_sunil","full_day",""
"at_00238","b_tts_red_c6","st_sohana_chandanani","coach-1","2026-07-30","PRESENT","06:00","08:00","coach_sunil","full_day",""
"at_00239","b_tts_fit_c6","st_amara_yalla","coach-1","2026-07-30","PRESENT","06:00","08:00","coach_fitness","full_day",""
"at_00240","b_tts_fit_c6","st_viana_shah","coach-1","2026-07-30","LATE","06:00","08:00","coach_fitness","full_day",""
"at_00241","b_tts_fit_c6","st_aarohi_singhal","coach-1","2026-07-30","EXCUSED","06:00","08:00","coach_fitness","full_day",""
"at_00242","b_mwf_adv_c2","st_kaisha_mehta","coach-1","2026-07-31","PRESENT","06:00","08:00","coach_jagdish","full_day",""
"at_00243","b_mwf_adv_c2","st_arhaan_dutt","coach-1","2026-07-31","PRESENT","06:00","08:00","coach_jagdish","full_day",""
"at_00244","b_mwf_adv_c2","st_siddharth_dsouza","coach-1","2026-07-31","PRESENT","06:00","08:00","coach_jagdish","full_day",""
"at_00245","b_mwf_adv_c2","st_hrivaan_mehta","coach-1","2026-07-31","PRESENT","06:00","08:00","coach_jagdish","full_day",""
"at_00246","b_mwf_adv_c3","st_aarush_khanna","coach-1","2026-07-31","PRESENT","06:00","08:00","coach_nanu","full_day",""
"at_00247","b_mwf_adv_c3","st_aadvik_khanna","coach-1","2026-07-31","PRESENT","06:00","08:00","coach_nanu","full_day",""
"at_00248","b_mwf_adv_c3","st_thiyaan_manik","coach-1","2026-07-31","PRESENT","06:00","08:00","coach_nanu","full_day",""
"at_00249","b_mwf_adv_c3","st_arjun_moorthy","coach-1","2026-07-31","PRESENT","06:00","08:00","coach_nanu","full_day",""
"at_00250","b_mwf_adv_c4","st_abir_sukhani","coach-1","2026-07-31","PRESENT","06:00","08:00","coach_santosh","full_day",""
"at_00251","b_mwf_adv_c4","st_yuvaan_bajaj","coach-1","2026-07-31","PRESENT","06:00","08:00","coach_santosh","full_day",""
"at_00252","b_mwf_adv_c5","st_kabir_ludhani","coach-1","2026-07-31","PRESENT","06:00","08:00","coach_anil","full_day",""
"at_00253","b_mwf_adv_c5","st_ayaan_salot","coach-1","2026-07-31","PRESENT","06:00","08:00","coach_anil","full_day",""
"at_00254","b_mwf_adv_c5","st_vivaan_mehra","coach-1","2026-07-31","EXCUSED","06:00","08:00","coach_anil","full_day",""
"at_00255","b_mwf_adv_c5","st_dev_karnik","coach-1","2026-07-31","ABSENT","06:00","08:00","coach_anil","full_day",""
"at_00256","b_mwf_advgrn_c6","st_arjun_arya","coach-1","2026-07-31","PRESENT","06:00","08:00","coach_vinod","full_day",""
"at_00257","b_mwf_advgrn_c6","st_aarav_chandra","coach-1","2026-07-31","PRESENT","06:00","08:00","coach_vinod","full_day",""
"at_00258","b_mwf_orange_c5","st_aalya_saini","coach-1","2026-07-31","PRESENT","06:00","08:00","coach_karan","full_day",""
"at_00259","b_mwf_orange_c5","st_alina_yalla","coach-1","2026-07-31","PRESENT","06:00","08:00","coach_karan","full_day",""
"at_00260","b_mwf_orange_c5","st_aarush_sanghvi","coach-1","2026-07-31","EXCUSED","06:00","08:00","coach_karan","full_day",""
"at_00261","b_mwf_orange_c5","st_meera_vivek","coach-1","2026-07-31","PRESENT","06:00","08:00","coach_karan","full_day",""
"at_00262","b_mwf_orange_c5","st_krisha_desai","coach-1","2026-07-31","PRESENT","06:00","08:00","coach_karan","full_day",""
"at_00263","b_mwf_orange_c5","st_aarshiv_karla","coach-1","2026-07-31","PRESENT","06:00","08:00","coach_karan","full_day",""
"at_00264","b_mwf_orange_c5","st_aroush_mehta","coach-1","2026-07-31","PRESENT","06:00","08:00","coach_karan","full_day",""
"at_00265","b_mwf_orange_c5","st_ivanka_chouhan","coach-1","2026-07-31","LATE","06:00","08:00","coach_karan","full_day",""
"at_00266","b_mwf_orange_c5","st_aarav_sanghvi","coach-1","2026-07-31","EXCUSED","06:00","08:00","coach_karan","full_day",""
"at_00267","b_mwf_red_c6","st_shaurya_kothari","coach-1","2026-07-31","PRESENT","06:00","08:00","coach_sunil","full_day",""
"at_00268","b_mwf_red_c6","st_aarav_heble","coach-1","2026-07-31","EXCUSED","06:00","08:00","coach_sunil","full_day",""
"at_00269","b_mwf_red_c6","st_aveer_vasant","coach-1","2026-07-31","PRESENT","06:00","08:00","coach_sunil","full_day",""
"at_00270","b_mwf_red_c6","st_alyssa_modawalla","coach-1","2026-07-31","PRESENT","06:00","08:00","coach_sunil","full_day",""
"at_00271","b_mwf_red_c6","st_aveera_rathod","coach-1","2026-07-31","PRESENT","06:00","08:00","coach_sunil","full_day",""
"at_00272","b_mwf_red_c6","st_alyza_jhaveri","coach-1","2026-07-31","PRESENT","06:00","08:00","coach_sunil","full_day",""
"at_00273","b_mwf_red_c6","st_aryaveer_rathod","coach-1","2026-07-31","PRESENT","06:00","08:00","coach_sunil","full_day",""
"at_00274","b_mwf_red_c6","st_ananya_dodhia","coach-1","2026-07-31","PRESENT","06:00","08:00","coach_sunil","full_day",""
"at_00275","b_mwf_red_c6","st_divyansh_bhatija","coach-1","2026-07-31","PRESENT","06:00","08:00","coach_sunil","full_day",""
"at_00276","b_mwf_red_c6","st_arya_mehta","coach-1","2026-07-31","PRESENT","06:00","08:00","coach_sunil","full_day",""
"at_00277","b_mwf_red_c6","st_agastya_kalra","coach-1","2026-07-31","PRESENT","06:00","08:00","coach_sunil","full_day",""
"at_00278","b_mwf_red_c6","st_kiara_shah","coach-1","2026-07-31","LATE","06:00","08:00","coach_sunil","full_day",""
"at_00279","b_mwf_green_c3","st_zain_guzman","coach-1","2026-07-31","PRESENT","06:00","08:00","coach_karim","full_day",""
"at_00280","b_mwf_green_c3","st_avyaan_barot","coach-1","2026-07-31","PRESENT","06:00","08:00","coach_karim","full_day",""
"at_00281","b_mwf_fit_a","st_hrivaan_mehta","coach-1","2026-07-31","PRESENT","06:00","08:00","coach_fitness","full_day",""
"at_00282","b_mwf_fit_a","st_arjun_arya","coach-1","2026-07-31","PRESENT","06:00","08:00","coach_fitness","full_day",""
"at_00283","b_mwf_fit_a","st_dev_karnik","coach-1","2026-07-31","PRESENT","06:00","08:00","coach_fitness","full_day",""
"at_00284","b_mwf_fit_a","st_zahaan_sachdeva","coach-1","2026-07-31","PRESENT","06:00","08:00","coach_fitness","full_day",""
"at_00285","b_mwf_fit_a","st_riddhima_shah","coach-1","2026-07-31","PRESENT","06:00","08:00","coach_fitness","full_day",""
"at_00286","b_mwf_fit_a","st_ayaan_salot","coach-1","2026-07-31","PRESENT","06:00","08:00","coach_fitness","full_day",""
"at_00287","b_mwf_fit_b","st_siddhanth_dsouza","coach-1","2026-07-31","PRESENT","06:00","08:00","coach_fitness","full_day",""
"at_00288","b_mwf_fit_b","st_aarush_khanna","coach-1","2026-07-31","PRESENT","06:00","08:00","coach_fitness","full_day",""
"at_00289","b_mwf_fit_b","st_aadvik_khanna","coach-1","2026-07-31","PRESENT","06:00","08:00","coach_fitness","full_day",""
"at_00290","b_mwf_fit_b","st_kaisha_mehta","coach-1","2026-07-31","PRESENT","06:00","08:00","coach_fitness","full_day",""
"at_00291","b_mwf_fit_b","st_arhaan_dutt","coach-1","2026-07-31","PRESENT","06:00","08:00","coach_fitness","full_day",""
"at_00292","b_mwf_fit_b","st_kimaya_katyal","coach-1","2026-07-31","PRESENT","06:00","08:00","coach_fitness","full_day",""
"at_00293","b_tts_int_c3","st_aarohi_singhal","coach-1","2026-08-01","PRESENT","06:00","08:00","coach_jagdish","full_day",""
"at_00294","b_tts_int_c4","st_amaira_chauhan","coach-1","2026-08-01","PRESENT","06:00","08:00","coach_nanu","full_day",""
"at_00295","b_tts_int_c4","st_arjun_choudhary","coach-1","2026-08-01","PRESENT","06:00","08:00","coach_nanu","full_day",""
"at_00296","b_tts_int_c5","st_hrivaan_mehta","coach-1","2026-08-01","PRESENT","06:00","08:00","coach_anil","full_day",""
"at_00297","b_tts_int_c5","st_siddharth_dsouza","coach-1","2026-08-01","PRESENT","06:00","08:00","coach_anil","full_day",""
"at_00298","b_tts_int_c5","st_vivaan_mehra","coach-1","2026-08-01","PRESENT","06:00","08:00","coach_anil","full_day",""
"at_00299","b_tts_int_c5","st_kimaya_katyal","coach-1","2026-08-01","PRESENT","06:00","08:00","coach_anil","full_day",""
"at_00300","b_tts_green_c5","st_inez_mehra","coach-1","2026-08-01","PRESENT","06:00","08:00","coach_karan","full_day",""
"at_00301","b_tts_green_c5","st_vrahad_arora","coach-1","2026-08-01","PRESENT","06:00","08:00","coach_karan","full_day",""
"at_00302","b_tts_green_c5","st_aksania_atal","coach-1","2026-08-01","PRESENT","06:00","08:00","coach_karan","full_day",""
"at_00303","b_tts_green_c5","st_arjun_shah","coach-1","2026-08-01","PRESENT","06:00","08:00","coach_karan","full_day",""
"at_00304","b_tts_green_c5","st_shivya_poddar","coach-1","2026-08-01","PRESENT","06:00","08:00","coach_karan","full_day",""
"at_00305","b_tts_green_c5","st_ayaan_sheth","coach-1","2026-08-01","PRESENT","06:00","08:00","coach_karan","full_day",""
"at_00306","b_tts_green_c5","st_arhaan_sanghvi","coach-1","2026-08-01","LATE","06:00","08:00","coach_karan","full_day",""
"at_00307","b_tts_green_c5","st_ananya_rajani","coach-1","2026-08-01","PRESENT","06:00","08:00","coach_karan","full_day",""
"at_00308","b_tts_green_c5","st_vivaan_oza","coach-1","2026-08-01","PRESENT","06:00","08:00","coach_karan","full_day",""
"at_00309","b_tts_green_c5","st_vihaan_vasant","coach-1","2026-08-01","PRESENT","06:00","08:00","coach_karan","full_day",""
"at_00310","b_tts_green_c6","st_amara_yalla","coach-1","2026-08-01","PRESENT","06:00","08:00","coach_karim","full_day",""
"at_00311","b_tts_green_c6","st_ahaan_kewalramani","coach-1","2026-08-01","PRESENT","06:00","08:00","coach_karim","full_day",""
"at_00312","b_tts_green_c6","st_viana_shah","coach-1","2026-08-01","PRESENT","06:00","08:00","coach_karim","full_day",""
"at_00313","b_tts_red_c6","st_ivana_ganeriwal","coach-1","2026-08-01","LATE","06:00","08:00","coach_sunil","full_day",""
"at_00314","b_tts_red_c6","st_kavir_chopra","coach-1","2026-08-01","PRESENT","06:00","08:00","coach_sunil","full_day",""
"at_00315","b_tts_red_c6","st_ariaan_khandelwal","coach-1","2026-08-01","ABSENT","06:00","08:00","coach_sunil","full_day",""
"at_00316","b_tts_red_c6","st_kianna_jain","coach-1","2026-08-01","PRESENT","06:00","08:00","coach_sunil","full_day",""
"at_00317","b_tts_red_c6","st_zayn_winston","coach-1","2026-08-01","PRESENT","06:00","08:00","coach_sunil","full_day",""
"at_00318","b_tts_red_c6","st_parth_mehta","coach-1","2026-08-01","PRESENT","06:00","08:00","coach_sunil","full_day",""
"at_00319","b_tts_red_c6","st_avish_shah","coach-1","2026-08-01","PRESENT","06:00","08:00","coach_sunil","full_day",""
"at_00320","b_tts_red_c6","st_anaiza_jhaveri","coach-1","2026-08-01","PRESENT","06:00","08:00","coach_sunil","full_day",""
"at_00321","b_tts_red_c6","st_shauraya_sekhani","coach-1","2026-08-01","PRESENT","06:00","08:00","coach_sunil","full_day",""
"at_00322","b_tts_red_c6","st_nihira_desai","coach-1","2026-08-01","PRESENT","06:00","08:00","coach_sunil","full_day",""
"at_00323","b_tts_red_c6","st_kaira_vajifdar","coach-1","2026-08-01","PRESENT","06:00","08:00","coach_sunil","full_day",""
"at_00324","b_tts_red_c6","st_sohana_chandanani","coach-1","2026-08-01","PRESENT","06:00","08:00","coach_sunil","full_day",""
"at_00325","b_tts_fit_c6","st_amara_yalla","coach-1","2026-08-01","PRESENT","06:00","08:00","coach_fitness","full_day",""
"at_00326","b_tts_fit_c6","st_viana_shah","coach-1","2026-08-01","PRESENT","06:00","08:00","coach_fitness","full_day",""
"at_00327","b_tts_fit_c6","st_aarohi_singhal","coach-1","2026-08-01","PRESENT","06:00","08:00","coach_fitness","full_day",""
"at_00328","b_wk_u8_230","st_prashi_iyer","coach-1","2026-08-01","PRESENT","06:00","08:00","coach_sunil","full_day",""
"at_00329","b_wk_u8_230","st_tanuj_gupte","coach-1","2026-08-01","PRESENT","06:00","08:00","coach_sunil","full_day",""
"at_00330","b_wk_u8_230","st_shivaay_ruia","coach-1","2026-08-01","PRESENT","06:00","08:00","coach_sunil","full_day",""
"at_00331","b_wk_u8_230","st_vansh_katari","coach-1","2026-08-01","PRESENT","06:00","08:00","coach_sunil","full_day",""
"at_00332","b_wk_u8_230","st_prabhit_kanakia","coach-1","2026-08-01","PRESENT","06:00","08:00","coach_sunil","full_day",""
"at_00333","b_wk_8p_230","st_ziana_vora","coach-1","2026-08-01","PRESENT","06:00","08:00","coach_karan","full_day",""
"at_00334","b_wk_8p_230","st_naavya_desai","coach-1","2026-08-01","PRESENT","06:00","08:00","coach_karan","full_day",""
"at_00335","b_wk_u8_330","st_sasha_saini","coach-1","2026-08-01","PRESENT","06:00","08:00","coach_sunil","full_day",""
"at_00336","b_wk_u8_330","st_shivan_chauhan","coach-1","2026-08-01","ABSENT","06:00","08:00","coach_sunil","full_day",""
"at_00337","b_wk_u8_330","st_advait_parekh","coach-1","2026-08-01","PRESENT","06:00","08:00","coach_sunil","full_day",""
"at_00338","b_wk_u8_330","st_rada_saran_koshcheeva","coach-1","2026-08-01","PRESENT","06:00","08:00","coach_sunil","full_day",""
"at_00339","b_wk_u8_330","st_maahi_pabari","coach-1","2026-08-01","LATE","06:00","08:00","coach_sunil","full_day",""
"at_00340","b_wk_u8_330","st_dhven_mukhi","coach-1","2026-08-01","PRESENT","06:00","08:00","coach_sunil","full_day",""
"at_00341","b_wk_8p_330","st_kyra_golcha","coach-1","2026-08-01","PRESENT","06:00","08:00","coach_karan","full_day",""
"at_00342","b_wk_8p_330","st_aditya_kapadia","coach-1","2026-08-01","PRESENT","06:00","08:00","coach_karan","full_day",""
"at_00343","b_wk_8p_330","st_ananya_kapadia","coach-1","2026-08-01","PRESENT","06:00","08:00","coach_karan","full_day",""
"at_00344","b_wk_8p_330","st_rehaan_merchant","coach-1","2026-08-01","ABSENT","06:00","08:00","coach_karan","full_day",""
"at_00345","b_wk_u8_230","st_prashi_iyer","coach-1","2026-08-02","PRESENT","06:00","08:00","coach_sunil","full_day",""
"at_00346","b_wk_u8_230","st_tanuj_gupte","coach-1","2026-08-02","PRESENT","06:00","08:00","coach_sunil","full_day",""
"at_00347","b_wk_u8_230","st_shivaay_ruia","coach-1","2026-08-02","PRESENT","06:00","08:00","coach_sunil","full_day",""
"at_00348","b_wk_u8_230","st_vansh_katari","coach-1","2026-08-02","PRESENT","06:00","08:00","coach_sunil","full_day",""
"at_00349","b_wk_u8_230","st_prabhit_kanakia","coach-1","2026-08-02","PRESENT","06:00","08:00","coach_sunil","full_day",""
"at_00350","b_wk_8p_230","st_ziana_vora","coach-1","2026-08-02","PRESENT","06:00","08:00","coach_karan","full_day",""
"at_00351","b_wk_8p_230","st_naavya_desai","coach-1","2026-08-02","PRESENT","06:00","08:00","coach_karan","full_day",""
"at_00352","b_wk_u8_330","st_sasha_saini","coach-1","2026-08-02","PRESENT","06:00","08:00","coach_sunil","full_day",""
"at_00353","b_wk_u8_330","st_shivan_chauhan","coach-1","2026-08-02","PRESENT","06:00","08:00","coach_sunil","full_day",""
"at_00354","b_wk_u8_330","st_advait_parekh","coach-1","2026-08-02","PRESENT","06:00","08:00","coach_sunil","full_day",""
"at_00355","b_wk_u8_330","st_rada_saran_koshcheeva","coach-1","2026-08-02","PRESENT","06:00","08:00","coach_sunil","full_day",""
"at_00356","b_wk_u8_330","st_maahi_pabari","coach-1","2026-08-02","PRESENT","06:00","08:00","coach_sunil","full_day",""
"at_00357","b_wk_u8_330","st_dhven_mukhi","coach-1","2026-08-02","EXCUSED","06:00","08:00","coach_sunil","full_day",""
"at_00358","b_wk_8p_330","st_kyra_golcha","coach-1","2026-08-02","PRESENT","06:00","08:00","coach_karan","full_day",""
"at_00359","b_wk_8p_330","st_aditya_kapadia","coach-1","2026-08-02","PRESENT","06:00","08:00","coach_karan","full_day",""
"at_00360","b_wk_8p_330","st_ananya_kapadia","coach-1","2026-08-02","PRESENT","06:00","08:00","coach_karan","full_day",""
"at_00361","b_wk_8p_330","st_rehaan_merchant","coach-1","2026-08-02","PRESENT","06:00","08:00","coach_karan","full_day",""
"at_00362","b_mwf_adv_c2","st_kaisha_mehta","coach-1","2026-08-03","PRESENT","06:00","08:00","coach_jagdish","full_day",""
"at_00363","b_mwf_adv_c2","st_arhaan_dutt","coach-1","2026-08-03","ABSENT","06:00","08:00","coach_jagdish","full_day",""
"at_00364","b_mwf_adv_c2","st_siddharth_dsouza","coach-1","2026-08-03","PRESENT","06:00","08:00","coach_jagdish","full_day",""
"at_00365","b_mwf_adv_c2","st_hrivaan_mehta","coach-1","2026-08-03","LATE","06:00","08:00","coach_jagdish","full_day",""
"at_00366","b_mwf_adv_c3","st_aarush_khanna","coach-1","2026-08-03","PRESENT","06:00","08:00","coach_nanu","full_day",""
"at_00367","b_mwf_adv_c3","st_aadvik_khanna","coach-1","2026-08-03","PRESENT","06:00","08:00","coach_nanu","full_day",""
"at_00368","b_mwf_adv_c3","st_thiyaan_manik","coach-1","2026-08-03","PRESENT","06:00","08:00","coach_nanu","full_day",""
"at_00369","b_mwf_adv_c3","st_arjun_moorthy","coach-1","2026-08-03","PRESENT","06:00","08:00","coach_nanu","full_day",""
"at_00370","b_mwf_adv_c4","st_abir_sukhani","coach-1","2026-08-03","EXCUSED","06:00","08:00","coach_santosh","full_day",""
"at_00371","b_mwf_adv_c4","st_yuvaan_bajaj","coach-1","2026-08-03","PRESENT","06:00","08:00","coach_santosh","full_day",""
"at_00372","b_mwf_adv_c5","st_kabir_ludhani","coach-1","2026-08-03","PRESENT","06:00","08:00","coach_anil","full_day",""
"at_00373","b_mwf_adv_c5","st_ayaan_salot","coach-1","2026-08-03","PRESENT","06:00","08:00","coach_anil","full_day",""
"at_00374","b_mwf_adv_c5","st_vivaan_mehra","coach-1","2026-08-03","PRESENT","06:00","08:00","coach_anil","full_day",""
"at_00375","b_mwf_adv_c5","st_dev_karnik","coach-1","2026-08-03","PRESENT","06:00","08:00","coach_anil","full_day",""
"at_00376","b_mwf_advgrn_c6","st_arjun_arya","coach-1","2026-08-03","PRESENT","06:00","08:00","coach_vinod","full_day",""
"at_00377","b_mwf_advgrn_c6","st_aarav_chandra","coach-1","2026-08-03","LATE","06:00","08:00","coach_vinod","full_day",""
"at_00378","b_mwf_orange_c5","st_aalya_saini","coach-1","2026-08-03","PRESENT","06:00","08:00","coach_karan","full_day",""
"at_00379","b_mwf_orange_c5","st_alina_yalla","coach-1","2026-08-03","PRESENT","06:00","08:00","coach_karan","full_day",""
"at_00380","b_mwf_orange_c5","st_aarush_sanghvi","coach-1","2026-08-03","PRESENT","06:00","08:00","coach_karan","full_day",""
"at_00381","b_mwf_orange_c5","st_meera_vivek","coach-1","2026-08-03","PRESENT","06:00","08:00","coach_karan","full_day",""
"at_00382","b_mwf_orange_c5","st_krisha_desai","coach-1","2026-08-03","PRESENT","06:00","08:00","coach_karan","full_day",""
"at_00383","b_mwf_orange_c5","st_aarshiv_karla","coach-1","2026-08-03","PRESENT","06:00","08:00","coach_karan","full_day",""
"at_00384","b_mwf_orange_c5","st_aroush_mehta","coach-1","2026-08-03","PRESENT","06:00","08:00","coach_karan","full_day",""
"at_00385","b_mwf_orange_c5","st_ivanka_chouhan","coach-1","2026-08-03","LATE","06:00","08:00","coach_karan","full_day",""
"at_00386","b_mwf_orange_c5","st_aarav_sanghvi","coach-1","2026-08-03","PRESENT","06:00","08:00","coach_karan","full_day",""
"at_00387","b_mwf_red_c6","st_shaurya_kothari","coach-1","2026-08-03","PRESENT","06:00","08:00","coach_sunil","full_day",""
"at_00388","b_mwf_red_c6","st_aarav_heble","coach-1","2026-08-03","ABSENT","06:00","08:00","coach_sunil","full_day",""
"at_00389","b_mwf_red_c6","st_aveer_vasant","coach-1","2026-08-03","PRESENT","06:00","08:00","coach_sunil","full_day",""
"at_00390","b_mwf_red_c6","st_alyssa_modawalla","coach-1","2026-08-03","LATE","06:00","08:00","coach_sunil","full_day",""
"at_00391","b_mwf_red_c6","st_aveera_rathod","coach-1","2026-08-03","PRESENT","06:00","08:00","coach_sunil","full_day",""
"at_00392","b_mwf_red_c6","st_alyza_jhaveri","coach-1","2026-08-03","PRESENT","06:00","08:00","coach_sunil","full_day",""
"at_00393","b_mwf_red_c6","st_aryaveer_rathod","coach-1","2026-08-03","PRESENT","06:00","08:00","coach_sunil","full_day",""
"at_00394","b_mwf_red_c6","st_ananya_dodhia","coach-1","2026-08-03","LATE","06:00","08:00","coach_sunil","full_day",""
"at_00395","b_mwf_red_c6","st_divyansh_bhatija","coach-1","2026-08-03","LATE","06:00","08:00","coach_sunil","full_day",""
"at_00396","b_mwf_red_c6","st_arya_mehta","coach-1","2026-08-03","PRESENT","06:00","08:00","coach_sunil","full_day",""
"at_00397","b_mwf_red_c6","st_agastya_kalra","coach-1","2026-08-03","PRESENT","06:00","08:00","coach_sunil","full_day",""
"at_00398","b_mwf_red_c6","st_kiara_shah","coach-1","2026-08-03","PRESENT","06:00","08:00","coach_sunil","full_day",""
"at_00399","b_mwf_green_c3","st_zain_guzman","coach-1","2026-08-03","ABSENT","06:00","08:00","coach_karim","full_day",""
"at_00400","b_mwf_green_c3","st_avyaan_barot","coach-1","2026-08-03","PRESENT","06:00","08:00","coach_karim","full_day",""
"at_00401","b_mwf_fit_a","st_hrivaan_mehta","coach-1","2026-08-03","PRESENT","06:00","08:00","coach_fitness","full_day",""
"at_00402","b_mwf_fit_a","st_arjun_arya","coach-1","2026-08-03","PRESENT","06:00","08:00","coach_fitness","full_day",""
"at_00403","b_mwf_fit_a","st_dev_karnik","coach-1","2026-08-03","PRESENT","06:00","08:00","coach_fitness","full_day",""
"at_00404","b_mwf_fit_a","st_zahaan_sachdeva","coach-1","2026-08-03","PRESENT","06:00","08:00","coach_fitness","full_day",""
"at_00405","b_mwf_fit_a","st_riddhima_shah","coach-1","2026-08-03","PRESENT","06:00","08:00","coach_fitness","full_day",""
"at_00406","b_mwf_fit_a","st_ayaan_salot","coach-1","2026-08-03","PRESENT","06:00","08:00","coach_fitness","full_day",""
"at_00407","b_mwf_fit_b","st_siddhanth_dsouza","coach-1","2026-08-03","PRESENT","06:00","08:00","coach_fitness","full_day",""
"at_00408","b_mwf_fit_b","st_aarush_khanna","coach-1","2026-08-03","PRESENT","06:00","08:00","coach_fitness","full_day",""
"at_00409","b_mwf_fit_b","st_aadvik_khanna","coach-1","2026-08-03","PRESENT","06:00","08:00","coach_fitness","full_day",""
"at_00410","b_mwf_fit_b","st_kaisha_mehta","coach-1","2026-08-03","PRESENT","06:00","08:00","coach_fitness","full_day",""
"at_00411","b_mwf_fit_b","st_arhaan_dutt","coach-1","2026-08-03","ABSENT","06:00","08:00","coach_fitness","full_day",""
"at_00412","b_mwf_fit_b","st_kimaya_katyal","coach-1","2026-08-03","PRESENT","06:00","08:00","coach_fitness","full_day",""
"at_00413","b_tts_int_c3","st_aarohi_singhal","coach-1","2026-08-04","PRESENT","06:00","08:00","coach_jagdish","full_day",""
"at_00414","b_tts_int_c4","st_amaira_chauhan","coach-1","2026-08-04","PRESENT","06:00","08:00","coach_nanu","full_day",""
"at_00415","b_tts_int_c4","st_arjun_choudhary","coach-1","2026-08-04","PRESENT","06:00","08:00","coach_nanu","full_day",""
"at_00416","b_tts_int_c5","st_hrivaan_mehta","coach-1","2026-08-04","PRESENT","06:00","08:00","coach_anil","full_day",""
"at_00417","b_tts_int_c5","st_siddharth_dsouza","coach-1","2026-08-04","PRESENT","06:00","08:00","coach_anil","full_day",""
"at_00418","b_tts_int_c5","st_vivaan_mehra","coach-1","2026-08-04","PRESENT","06:00","08:00","coach_anil","full_day",""
"at_00419","b_tts_int_c5","st_kimaya_katyal","coach-1","2026-08-04","PRESENT","06:00","08:00","coach_anil","full_day",""
"at_00420","b_tts_green_c5","st_inez_mehra","coach-1","2026-08-04","ABSENT","06:00","08:00","coach_karan","full_day",""
"at_00421","b_tts_green_c5","st_vrahad_arora","coach-1","2026-08-04","PRESENT","06:00","08:00","coach_karan","full_day",""
"at_00422","b_tts_green_c5","st_aksania_atal","coach-1","2026-08-04","EXCUSED","06:00","08:00","coach_karan","full_day",""
"at_00423","b_tts_green_c5","st_arjun_shah","coach-1","2026-08-04","PRESENT","06:00","08:00","coach_karan","full_day",""
"at_00424","b_tts_green_c5","st_shivya_poddar","coach-1","2026-08-04","PRESENT","06:00","08:00","coach_karan","full_day",""
"at_00425","b_tts_green_c5","st_ayaan_sheth","coach-1","2026-08-04","PRESENT","06:00","08:00","coach_karan","full_day",""
"at_00426","b_tts_green_c5","st_arhaan_sanghvi","coach-1","2026-08-04","PRESENT","06:00","08:00","coach_karan","full_day",""
"at_00427","b_tts_green_c5","st_ananya_rajani","coach-1","2026-08-04","PRESENT","06:00","08:00","coach_karan","full_day",""
"at_00428","b_tts_green_c5","st_vivaan_oza","coach-1","2026-08-04","ABSENT","06:00","08:00","coach_karan","full_day",""
"at_00429","b_tts_green_c5","st_vihaan_vasant","coach-1","2026-08-04","ABSENT","06:00","08:00","coach_karan","full_day",""
"at_00430","b_tts_green_c6","st_amara_yalla","coach-1","2026-08-04","PRESENT","06:00","08:00","coach_karim","full_day",""
"at_00431","b_tts_green_c6","st_ahaan_kewalramani","coach-1","2026-08-04","PRESENT","06:00","08:00","coach_karim","full_day",""
"at_00432","b_tts_green_c6","st_viana_shah","coach-1","2026-08-04","PRESENT","06:00","08:00","coach_karim","full_day",""
"at_00433","b_tts_red_c6","st_ivana_ganeriwal","coach-1","2026-08-04","PRESENT","06:00","08:00","coach_sunil","full_day",""
"at_00434","b_tts_red_c6","st_kavir_chopra","coach-1","2026-08-04","PRESENT","06:00","08:00","coach_sunil","full_day",""
"at_00435","b_tts_red_c6","st_ariaan_khandelwal","coach-1","2026-08-04","ABSENT","06:00","08:00","coach_sunil","full_day",""
"at_00436","b_tts_red_c6","st_kianna_jain","coach-1","2026-08-04","PRESENT","06:00","08:00","coach_sunil","full_day",""
"at_00437","b_tts_red_c6","st_zayn_winston","coach-1","2026-08-04","PRESENT","06:00","08:00","coach_sunil","full_day",""
"at_00438","b_tts_red_c6","st_parth_mehta","coach-1","2026-08-04","PRESENT","06:00","08:00","coach_sunil","full_day",""
"at_00439","b_tts_red_c6","st_avish_shah","coach-1","2026-08-04","PRESENT","06:00","08:00","coach_sunil","full_day",""
"at_00440","b_tts_red_c6","st_anaiza_jhaveri","coach-1","2026-08-04","PRESENT","06:00","08:00","coach_sunil","full_day",""
"at_00441","b_tts_red_c6","st_shauraya_sekhani","coach-1","2026-08-04","LATE","06:00","08:00","coach_sunil","full_day",""
"at_00442","b_tts_red_c6","st_nihira_desai","coach-1","2026-08-04","PRESENT","06:00","08:00","coach_sunil","full_day",""
"at_00443","b_tts_red_c6","st_kaira_vajifdar","coach-1","2026-08-04","PRESENT","06:00","08:00","coach_sunil","full_day",""
"at_00444","b_tts_red_c6","st_sohana_chandanani","coach-1","2026-08-04","PRESENT","06:00","08:00","coach_sunil","full_day",""
"at_00445","b_tts_fit_c6","st_amara_yalla","coach-1","2026-08-04","PRESENT","06:00","08:00","coach_fitness","full_day",""
"at_00446","b_tts_fit_c6","st_viana_shah","coach-1","2026-08-04","PRESENT","06:00","08:00","coach_fitness","full_day",""
"at_00447","b_tts_fit_c6","st_aarohi_singhal","coach-1","2026-08-04","PRESENT","06:00","08:00","coach_fitness","full_day",""
"at_00448","b_mwf_adv_c2","st_kaisha_mehta","coach-1","2026-08-05","PRESENT","06:00","08:00","coach_jagdish","full_day",""
"at_00449","b_mwf_adv_c2","st_arhaan_dutt","coach-1","2026-08-05","PRESENT","06:00","08:00","coach_jagdish","full_day",""
"at_00450","b_mwf_adv_c2","st_siddharth_dsouza","coach-1","2026-08-05","PRESENT","06:00","08:00","coach_jagdish","full_day",""
"at_00451","b_mwf_adv_c2","st_hrivaan_mehta","coach-1","2026-08-05","PRESENT","06:00","08:00","coach_jagdish","full_day",""
"at_00452","b_mwf_adv_c3","st_aarush_khanna","coach-1","2026-08-05","PRESENT","06:00","08:00","coach_nanu","full_day",""
"at_00453","b_mwf_adv_c3","st_aadvik_khanna","coach-1","2026-08-05","PRESENT","06:00","08:00","coach_nanu","full_day",""
"at_00454","b_mwf_adv_c3","st_thiyaan_manik","coach-1","2026-08-05","PRESENT","06:00","08:00","coach_nanu","full_day",""
"at_00455","b_mwf_adv_c3","st_arjun_moorthy","coach-1","2026-08-05","PRESENT","06:00","08:00","coach_nanu","full_day",""
"at_00456","b_mwf_adv_c4","st_abir_sukhani","coach-1","2026-08-05","EXCUSED","06:00","08:00","coach_santosh","full_day",""
"at_00457","b_mwf_adv_c4","st_yuvaan_bajaj","coach-1","2026-08-05","PRESENT","06:00","08:00","coach_santosh","full_day",""
"at_00458","b_mwf_adv_c5","st_kabir_ludhani","coach-1","2026-08-05","PRESENT","06:00","08:00","coach_anil","full_day",""
"at_00459","b_mwf_adv_c5","st_ayaan_salot","coach-1","2026-08-05","PRESENT","06:00","08:00","coach_anil","full_day",""
"at_00460","b_mwf_adv_c5","st_vivaan_mehra","coach-1","2026-08-05","PRESENT","06:00","08:00","coach_anil","full_day",""
"at_00461","b_mwf_adv_c5","st_dev_karnik","coach-1","2026-08-05","PRESENT","06:00","08:00","coach_anil","full_day",""
"at_00462","b_mwf_advgrn_c6","st_arjun_arya","coach-1","2026-08-05","PRESENT","06:00","08:00","coach_vinod","full_day",""
"at_00463","b_mwf_advgrn_c6","st_aarav_chandra","coach-1","2026-08-05","PRESENT","06:00","08:00","coach_vinod","full_day",""
"at_00464","b_mwf_orange_c5","st_aalya_saini","coach-1","2026-08-05","PRESENT","06:00","08:00","coach_karan","full_day",""
"at_00465","b_mwf_orange_c5","st_alina_yalla","coach-1","2026-08-05","PRESENT","06:00","08:00","coach_karan","full_day",""
"at_00466","b_mwf_orange_c5","st_aarush_sanghvi","coach-1","2026-08-05","PRESENT","06:00","08:00","coach_karan","full_day",""
"at_00467","b_mwf_orange_c5","st_meera_vivek","coach-1","2026-08-05","PRESENT","06:00","08:00","coach_karan","full_day",""
"at_00468","b_mwf_orange_c5","st_krisha_desai","coach-1","2026-08-05","PRESENT","06:00","08:00","coach_karan","full_day",""
"at_00469","b_mwf_orange_c5","st_aarshiv_karla","coach-1","2026-08-05","PRESENT","06:00","08:00","coach_karan","full_day",""
"at_00470","b_mwf_orange_c5","st_aroush_mehta","coach-1","2026-08-05","PRESENT","06:00","08:00","coach_karan","full_day",""
"at_00471","b_mwf_orange_c5","st_ivanka_chouhan","coach-1","2026-08-05","PRESENT","06:00","08:00","coach_karan","full_day",""
"at_00472","b_mwf_orange_c5","st_aarav_sanghvi","coach-1","2026-08-05","PRESENT","06:00","08:00","coach_karan","full_day",""
"at_00473","b_mwf_red_c6","st_shaurya_kothari","coach-1","2026-08-05","ABSENT","06:00","08:00","coach_sunil","full_day",""
"at_00474","b_mwf_red_c6","st_aarav_heble","coach-1","2026-08-05","PRESENT","06:00","08:00","coach_sunil","full_day",""
"at_00475","b_mwf_red_c6","st_aveer_vasant","coach-1","2026-08-05","PRESENT","06:00","08:00","coach_sunil","full_day",""
"at_00476","b_mwf_red_c6","st_alyssa_modawalla","coach-1","2026-08-05","PRESENT","06:00","08:00","coach_sunil","full_day",""
"at_00477","b_mwf_red_c6","st_aveera_rathod","coach-1","2026-08-05","LATE","06:00","08:00","coach_sunil","full_day",""
"at_00478","b_mwf_red_c6","st_alyza_jhaveri","coach-1","2026-08-05","PRESENT","06:00","08:00","coach_sunil","full_day",""
"at_00479","b_mwf_red_c6","st_aryaveer_rathod","coach-1","2026-08-05","PRESENT","06:00","08:00","coach_sunil","full_day",""
"at_00480","b_mwf_red_c6","st_ananya_dodhia","coach-1","2026-08-05","PRESENT","06:00","08:00","coach_sunil","full_day",""
"at_00481","b_mwf_red_c6","st_divyansh_bhatija","coach-1","2026-08-05","PRESENT","06:00","08:00","coach_sunil","full_day",""
"at_00482","b_mwf_red_c6","st_arya_mehta","coach-1","2026-08-05","PRESENT","06:00","08:00","coach_sunil","full_day",""
"at_00483","b_mwf_red_c6","st_agastya_kalra","coach-1","2026-08-05","PRESENT","06:00","08:00","coach_sunil","full_day",""
"at_00484","b_mwf_red_c6","st_kiara_shah","coach-1","2026-08-05","PRESENT","06:00","08:00","coach_sunil","full_day",""
"at_00485","b_mwf_green_c3","st_zain_guzman","coach-1","2026-08-05","LATE","06:00","08:00","coach_karim","full_day",""
"at_00486","b_mwf_green_c3","st_avyaan_barot","coach-1","2026-08-05","PRESENT","06:00","08:00","coach_karim","full_day",""
"at_00487","b_mwf_fit_a","st_hrivaan_mehta","coach-1","2026-08-05","PRESENT","06:00","08:00","coach_fitness","full_day",""
"at_00488","b_mwf_fit_a","st_arjun_arya","coach-1","2026-08-05","PRESENT","06:00","08:00","coach_fitness","full_day",""
"at_00489","b_mwf_fit_a","st_dev_karnik","coach-1","2026-08-05","PRESENT","06:00","08:00","coach_fitness","full_day",""
"at_00490","b_mwf_fit_a","st_zahaan_sachdeva","coach-1","2026-08-05","PRESENT","06:00","08:00","coach_fitness","full_day",""
"at_00491","b_mwf_fit_a","st_riddhima_shah","coach-1","2026-08-05","PRESENT","06:00","08:00","coach_fitness","full_day",""
"at_00492","b_mwf_fit_a","st_ayaan_salot","coach-1","2026-08-05","EXCUSED","06:00","08:00","coach_fitness","full_day",""
"at_00493","b_mwf_fit_b","st_siddhanth_dsouza","coach-1","2026-08-05","PRESENT","06:00","08:00","coach_fitness","full_day",""
"at_00494","b_mwf_fit_b","st_aarush_khanna","coach-1","2026-08-05","PRESENT","06:00","08:00","coach_fitness","full_day",""
"at_00495","b_mwf_fit_b","st_aadvik_khanna","coach-1","2026-08-05","PRESENT","06:00","08:00","coach_fitness","full_day",""
"at_00496","b_mwf_fit_b","st_kaisha_mehta","coach-1","2026-08-05","PRESENT","06:00","08:00","coach_fitness","full_day",""
"at_00497","b_mwf_fit_b","st_arhaan_dutt","coach-1","2026-08-05","PRESENT","06:00","08:00","coach_fitness","full_day",""
"at_00498","b_mwf_fit_b","st_kimaya_katyal","coach-1","2026-08-05","PRESENT","06:00","08:00","coach_fitness","full_day",""
"at_00499","b_tts_int_c3","st_aarohi_singhal","coach-1","2026-08-06","ABSENT","06:00","08:00","coach_jagdish","full_day",""
"at_00500","b_tts_int_c4","st_amaira_chauhan","coach-1","2026-08-06","PRESENT","06:00","08:00","coach_nanu","full_day",""
"at_00501","b_tts_int_c4","st_arjun_choudhary","coach-1","2026-08-06","PRESENT","06:00","08:00","coach_nanu","full_day",""
"at_00502","b_tts_int_c5","st_hrivaan_mehta","coach-1","2026-08-06","PRESENT","06:00","08:00","coach_anil","full_day",""
"at_00503","b_tts_int_c5","st_siddharth_dsouza","coach-1","2026-08-06","PRESENT","06:00","08:00","coach_anil","full_day",""
"at_00504","b_tts_int_c5","st_vivaan_mehra","coach-1","2026-08-06","EXCUSED","06:00","08:00","coach_anil","full_day",""
"at_00505","b_tts_int_c5","st_kimaya_katyal","coach-1","2026-08-06","PRESENT","06:00","08:00","coach_anil","full_day",""
"at_00506","b_tts_green_c5","st_inez_mehra","coach-1","2026-08-06","PRESENT","06:00","08:00","coach_karan","full_day",""
"at_00507","b_tts_green_c5","st_vrahad_arora","coach-1","2026-08-06","PRESENT","06:00","08:00","coach_karan","full_day",""
"at_00508","b_tts_green_c5","st_aksania_atal","coach-1","2026-08-06","PRESENT","06:00","08:00","coach_karan","full_day",""
"at_00509","b_tts_green_c5","st_arjun_shah","coach-1","2026-08-06","PRESENT","06:00","08:00","coach_karan","full_day",""
"at_00510","b_tts_green_c5","st_shivya_poddar","coach-1","2026-08-06","PRESENT","06:00","08:00","coach_karan","full_day",""
"at_00511","b_tts_green_c5","st_ayaan_sheth","coach-1","2026-08-06","PRESENT","06:00","08:00","coach_karan","full_day",""
"at_00512","b_tts_green_c5","st_arhaan_sanghvi","coach-1","2026-08-06","EXCUSED","06:00","08:00","coach_karan","full_day",""
"at_00513","b_tts_green_c5","st_ananya_rajani","coach-1","2026-08-06","PRESENT","06:00","08:00","coach_karan","full_day",""
"at_00514","b_tts_green_c5","st_vivaan_oza","coach-1","2026-08-06","PRESENT","06:00","08:00","coach_karan","full_day",""
"at_00515","b_tts_green_c5","st_vihaan_vasant","coach-1","2026-08-06","PRESENT","06:00","08:00","coach_karan","full_day",""
"at_00516","b_tts_green_c6","st_amara_yalla","coach-1","2026-08-06","PRESENT","06:00","08:00","coach_karim","full_day",""
"at_00517","b_tts_green_c6","st_ahaan_kewalramani","coach-1","2026-08-06","PRESENT","06:00","08:00","coach_karim","full_day",""
"at_00518","b_tts_green_c6","st_viana_shah","coach-1","2026-08-06","PRESENT","06:00","08:00","coach_karim","full_day",""
"at_00519","b_tts_red_c6","st_ivana_ganeriwal","coach-1","2026-08-06","PRESENT","06:00","08:00","coach_sunil","full_day",""
"at_00520","b_tts_red_c6","st_kavir_chopra","coach-1","2026-08-06","PRESENT","06:00","08:00","coach_sunil","full_day",""
"at_00521","b_tts_red_c6","st_ariaan_khandelwal","coach-1","2026-08-06","EXCUSED","06:00","08:00","coach_sunil","full_day",""
"at_00522","b_tts_red_c6","st_kianna_jain","coach-1","2026-08-06","PRESENT","06:00","08:00","coach_sunil","full_day",""
"at_00523","b_tts_red_c6","st_zayn_winston","coach-1","2026-08-06","PRESENT","06:00","08:00","coach_sunil","full_day",""
"at_00524","b_tts_red_c6","st_parth_mehta","coach-1","2026-08-06","PRESENT","06:00","08:00","coach_sunil","full_day",""
"at_00525","b_tts_red_c6","st_avish_shah","coach-1","2026-08-06","LATE","06:00","08:00","coach_sunil","full_day",""
"at_00526","b_tts_red_c6","st_anaiza_jhaveri","coach-1","2026-08-06","PRESENT","06:00","08:00","coach_sunil","full_day",""
"at_00527","b_tts_red_c6","st_shauraya_sekhani","coach-1","2026-08-06","PRESENT","06:00","08:00","coach_sunil","full_day",""
"at_00528","b_tts_red_c6","st_nihira_desai","coach-1","2026-08-06","PRESENT","06:00","08:00","coach_sunil","full_day",""
"at_00529","b_tts_red_c6","st_kaira_vajifdar","coach-1","2026-08-06","PRESENT","06:00","08:00","coach_sunil","full_day",""
"at_00530","b_tts_red_c6","st_sohana_chandanani","coach-1","2026-08-06","PRESENT","06:00","08:00","coach_sunil","full_day",""
"at_00531","b_tts_fit_c6","st_amara_yalla","coach-1","2026-08-06","PRESENT","06:00","08:00","coach_fitness","full_day",""
"at_00532","b_tts_fit_c6","st_viana_shah","coach-1","2026-08-06","PRESENT","06:00","08:00","coach_fitness","full_day",""
"at_00533","b_tts_fit_c6","st_aarohi_singhal","coach-1","2026-08-06","PRESENT","06:00","08:00","coach_fitness","full_day",""
"at_00534","b_mwf_adv_c2","st_kaisha_mehta","coach-1","2026-08-07","PRESENT","06:00","08:00","coach_jagdish","full_day",""
"at_00535","b_mwf_adv_c2","st_arhaan_dutt","coach-1","2026-08-07","PRESENT","06:00","08:00","coach_jagdish","full_day",""
"at_00536","b_mwf_adv_c2","st_siddharth_dsouza","coach-1","2026-08-07","PRESENT","06:00","08:00","coach_jagdish","full_day",""
"at_00537","b_mwf_adv_c2","st_hrivaan_mehta","coach-1","2026-08-07","PRESENT","06:00","08:00","coach_jagdish","full_day",""
"at_00538","b_mwf_adv_c3","st_aarush_khanna","coach-1","2026-08-07","PRESENT","06:00","08:00","coach_nanu","full_day",""
"at_00539","b_mwf_adv_c3","st_aadvik_khanna","coach-1","2026-08-07","PRESENT","06:00","08:00","coach_nanu","full_day",""
"at_00540","b_mwf_adv_c3","st_thiyaan_manik","coach-1","2026-08-07","PRESENT","06:00","08:00","coach_nanu","full_day",""
"at_00541","b_mwf_adv_c3","st_arjun_moorthy","coach-1","2026-08-07","PRESENT","06:00","08:00","coach_nanu","full_day",""
"at_00542","b_mwf_adv_c4","st_abir_sukhani","coach-1","2026-08-07","PRESENT","06:00","08:00","coach_santosh","full_day",""
"at_00543","b_mwf_adv_c4","st_yuvaan_bajaj","coach-1","2026-08-07","PRESENT","06:00","08:00","coach_santosh","full_day",""
"at_00544","b_mwf_adv_c5","st_kabir_ludhani","coach-1","2026-08-07","EXCUSED","06:00","08:00","coach_anil","full_day",""
"at_00545","b_mwf_adv_c5","st_ayaan_salot","coach-1","2026-08-07","PRESENT","06:00","08:00","coach_anil","full_day",""
"at_00546","b_mwf_adv_c5","st_vivaan_mehra","coach-1","2026-08-07","PRESENT","06:00","08:00","coach_anil","full_day",""
"at_00547","b_mwf_adv_c5","st_dev_karnik","coach-1","2026-08-07","PRESENT","06:00","08:00","coach_anil","full_day",""
"at_00548","b_mwf_advgrn_c6","st_arjun_arya","coach-1","2026-08-07","PRESENT","06:00","08:00","coach_vinod","full_day",""
"at_00549","b_mwf_advgrn_c6","st_aarav_chandra","coach-1","2026-08-07","PRESENT","06:00","08:00","coach_vinod","full_day",""
"at_00550","b_mwf_orange_c5","st_aalya_saini","coach-1","2026-08-07","PRESENT","06:00","08:00","coach_karan","full_day",""
"at_00551","b_mwf_orange_c5","st_alina_yalla","coach-1","2026-08-07","PRESENT","06:00","08:00","coach_karan","full_day",""
"at_00552","b_mwf_orange_c5","st_aarush_sanghvi","coach-1","2026-08-07","PRESENT","06:00","08:00","coach_karan","full_day",""
"at_00553","b_mwf_orange_c5","st_meera_vivek","coach-1","2026-08-07","PRESENT","06:00","08:00","coach_karan","full_day",""
"at_00554","b_mwf_orange_c5","st_krisha_desai","coach-1","2026-08-07","PRESENT","06:00","08:00","coach_karan","full_day",""
"at_00555","b_mwf_orange_c5","st_aarshiv_karla","coach-1","2026-08-07","PRESENT","06:00","08:00","coach_karan","full_day",""
"at_00556","b_mwf_orange_c5","st_aroush_mehta","coach-1","2026-08-07","PRESENT","06:00","08:00","coach_karan","full_day",""
"at_00557","b_mwf_orange_c5","st_ivanka_chouhan","coach-1","2026-08-07","PRESENT","06:00","08:00","coach_karan","full_day",""
"at_00558","b_mwf_orange_c5","st_aarav_sanghvi","coach-1","2026-08-07","ABSENT","06:00","08:00","coach_karan","full_day",""
"at_00559","b_mwf_red_c6","st_shaurya_kothari","coach-1","2026-08-07","PRESENT","06:00","08:00","coach_sunil","full_day",""
"at_00560","b_mwf_red_c6","st_aarav_heble","coach-1","2026-08-07","PRESENT","06:00","08:00","coach_sunil","full_day",""
"at_00561","b_mwf_red_c6","st_aveer_vasant","coach-1","2026-08-07","PRESENT","06:00","08:00","coach_sunil","full_day",""
"at_00562","b_mwf_red_c6","st_alyssa_modawalla","coach-1","2026-08-07","PRESENT","06:00","08:00","coach_sunil","full_day",""
"at_00563","b_mwf_red_c6","st_aveera_rathod","coach-1","2026-08-07","PRESENT","06:00","08:00","coach_sunil","full_day",""
"at_00564","b_mwf_red_c6","st_alyza_jhaveri","coach-1","2026-08-07","PRESENT","06:00","08:00","coach_sunil","full_day",""
"at_00565","b_mwf_red_c6","st_aryaveer_rathod","coach-1","2026-08-07","PRESENT","06:00","08:00","coach_sunil","full_day",""
"at_00566","b_mwf_red_c6","st_ananya_dodhia","coach-1","2026-08-07","PRESENT","06:00","08:00","coach_sunil","full_day",""
"at_00567","b_mwf_red_c6","st_divyansh_bhatija","coach-1","2026-08-07","PRESENT","06:00","08:00","coach_sunil","full_day",""
"at_00568","b_mwf_red_c6","st_arya_mehta","coach-1","2026-08-07","PRESENT","06:00","08:00","coach_sunil","full_day",""
"at_00569","b_mwf_red_c6","st_agastya_kalra","coach-1","2026-08-07","PRESENT","06:00","08:00","coach_sunil","full_day",""
"at_00570","b_mwf_red_c6","st_kiara_shah","coach-1","2026-08-07","PRESENT","06:00","08:00","coach_sunil","full_day",""
"at_00571","b_mwf_green_c3","st_zain_guzman","coach-1","2026-08-07","PRESENT","06:00","08:00","coach_karim","full_day",""
"at_00572","b_mwf_green_c3","st_avyaan_barot","coach-1","2026-08-07","ABSENT","06:00","08:00","coach_karim","full_day",""
"at_00573","b_mwf_fit_a","st_hrivaan_mehta","coach-1","2026-08-07","ABSENT","06:00","08:00","coach_fitness","full_day",""
"at_00574","b_mwf_fit_a","st_arjun_arya","coach-1","2026-08-07","EXCUSED","06:00","08:00","coach_fitness","full_day",""
"at_00575","b_mwf_fit_a","st_dev_karnik","coach-1","2026-08-07","PRESENT","06:00","08:00","coach_fitness","full_day",""
"at_00576","b_mwf_fit_a","st_zahaan_sachdeva","coach-1","2026-08-07","PRESENT","06:00","08:00","coach_fitness","full_day",""
"at_00577","b_mwf_fit_a","st_riddhima_shah","coach-1","2026-08-07","PRESENT","06:00","08:00","coach_fitness","full_day",""
"at_00578","b_mwf_fit_a","st_ayaan_salot","coach-1","2026-08-07","PRESENT","06:00","08:00","coach_fitness","full_day",""
"at_00579","b_mwf_fit_b","st_siddhanth_dsouza","coach-1","2026-08-07","ABSENT","06:00","08:00","coach_fitness","full_day",""
"at_00580","b_mwf_fit_b","st_aarush_khanna","coach-1","2026-08-07","LATE","06:00","08:00","coach_fitness","full_day",""
"at_00581","b_mwf_fit_b","st_aadvik_khanna","coach-1","2026-08-07","PRESENT","06:00","08:00","coach_fitness","full_day",""
"at_00582","b_mwf_fit_b","st_kaisha_mehta","coach-1","2026-08-07","PRESENT","06:00","08:00","coach_fitness","full_day",""
"at_00583","b_mwf_fit_b","st_arhaan_dutt","coach-1","2026-08-07","PRESENT","06:00","08:00","coach_fitness","full_day",""
"at_00584","b_mwf_fit_b","st_kimaya_katyal","coach-1","2026-08-07","PRESENT","06:00","08:00","coach_fitness","full_day",""
"at_00585","b_tts_int_c3","st_aarohi_singhal","coach-1","2026-08-08","ABSENT","06:00","08:00","coach_jagdish","full_day",""
"at_00586","b_tts_int_c4","st_amaira_chauhan","coach-1","2026-08-08","PRESENT","06:00","08:00","coach_nanu","full_day",""
"at_00587","b_tts_int_c4","st_arjun_choudhary","coach-1","2026-08-08","PRESENT","06:00","08:00","coach_nanu","full_day",""
"at_00588","b_tts_int_c5","st_hrivaan_mehta","coach-1","2026-08-08","PRESENT","06:00","08:00","coach_anil","full_day",""
"at_00589","b_tts_int_c5","st_siddharth_dsouza","coach-1","2026-08-08","PRESENT","06:00","08:00","coach_anil","full_day",""
"at_00590","b_tts_int_c5","st_vivaan_mehra","coach-1","2026-08-08","PRESENT","06:00","08:00","coach_anil","full_day",""
"at_00591","b_tts_int_c5","st_kimaya_katyal","coach-1","2026-08-08","PRESENT","06:00","08:00","coach_anil","full_day",""
"at_00592","b_tts_green_c5","st_inez_mehra","coach-1","2026-08-08","PRESENT","06:00","08:00","coach_karan","full_day",""
"at_00593","b_tts_green_c5","st_vrahad_arora","coach-1","2026-08-08","PRESENT","06:00","08:00","coach_karan","full_day",""
"at_00594","b_tts_green_c5","st_aksania_atal","coach-1","2026-08-08","PRESENT","06:00","08:00","coach_karan","full_day",""
"at_00595","b_tts_green_c5","st_arjun_shah","coach-1","2026-08-08","PRESENT","06:00","08:00","coach_karan","full_day",""
"at_00596","b_tts_green_c5","st_shivya_poddar","coach-1","2026-08-08","LATE","06:00","08:00","coach_karan","full_day",""
"at_00597","b_tts_green_c5","st_ayaan_sheth","coach-1","2026-08-08","PRESENT","06:00","08:00","coach_karan","full_day",""
"at_00598","b_tts_green_c5","st_arhaan_sanghvi","coach-1","2026-08-08","PRESENT","06:00","08:00","coach_karan","full_day",""
"at_00599","b_tts_green_c5","st_ananya_rajani","coach-1","2026-08-08","PRESENT","06:00","08:00","coach_karan","full_day",""
"at_00600","b_tts_green_c5","st_vivaan_oza","coach-1","2026-08-08","PRESENT","06:00","08:00","coach_karan","full_day",""
"at_00601","b_tts_green_c5","st_vihaan_vasant","coach-1","2026-08-08","PRESENT","06:00","08:00","coach_karan","full_day",""
"at_00602","b_tts_green_c6","st_amara_yalla","coach-1","2026-08-08","PRESENT","06:00","08:00","coach_karim","full_day",""
"at_00603","b_tts_green_c6","st_ahaan_kewalramani","coach-1","2026-08-08","PRESENT","06:00","08:00","coach_karim","full_day",""
"at_00604","b_tts_green_c6","st_viana_shah","coach-1","2026-08-08","PRESENT","06:00","08:00","coach_karim","full_day",""
"at_00605","b_tts_red_c6","st_ivana_ganeriwal","coach-1","2026-08-08","PRESENT","06:00","08:00","coach_sunil","full_day",""
"at_00606","b_tts_red_c6","st_kavir_chopra","coach-1","2026-08-08","PRESENT","06:00","08:00","coach_sunil","full_day",""
"at_00607","b_tts_red_c6","st_ariaan_khandelwal","coach-1","2026-08-08","ABSENT","06:00","08:00","coach_sunil","full_day",""
"at_00608","b_tts_red_c6","st_kianna_jain","coach-1","2026-08-08","PRESENT","06:00","08:00","coach_sunil","full_day",""
"at_00609","b_tts_red_c6","st_zayn_winston","coach-1","2026-08-08","PRESENT","06:00","08:00","coach_sunil","full_day",""
"at_00610","b_tts_red_c6","st_parth_mehta","coach-1","2026-08-08","PRESENT","06:00","08:00","coach_sunil","full_day",""
"at_00611","b_tts_red_c6","st_avish_shah","coach-1","2026-08-08","PRESENT","06:00","08:00","coach_sunil","full_day",""
"at_00612","b_tts_red_c6","st_anaiza_jhaveri","coach-1","2026-08-08","PRESENT","06:00","08:00","coach_sunil","full_day",""
"at_00613","b_tts_red_c6","st_shauraya_sekhani","coach-1","2026-08-08","PRESENT","06:00","08:00","coach_sunil","full_day",""
"at_00614","b_tts_red_c6","st_nihira_desai","coach-1","2026-08-08","PRESENT","06:00","08:00","coach_sunil","full_day",""
"at_00615","b_tts_red_c6","st_kaira_vajifdar","coach-1","2026-08-08","PRESENT","06:00","08:00","coach_sunil","full_day",""
"at_00616","b_tts_red_c6","st_sohana_chandanani","coach-1","2026-08-08","PRESENT","06:00","08:00","coach_sunil","full_day",""
"at_00617","b_tts_fit_c6","st_amara_yalla","coach-1","2026-08-08","PRESENT","06:00","08:00","coach_fitness","full_day",""
"at_00618","b_tts_fit_c6","st_viana_shah","coach-1","2026-08-08","PRESENT","06:00","08:00","coach_fitness","full_day",""
"at_00619","b_tts_fit_c6","st_aarohi_singhal","coach-1","2026-08-08","PRESENT","06:00","08:00","coach_fitness","full_day",""
"at_00620","b_wk_u8_230","st_prashi_iyer","coach-1","2026-08-08","EXCUSED","06:00","08:00","coach_sunil","full_day",""
"at_00621","b_wk_u8_230","st_tanuj_gupte","coach-1","2026-08-08","PRESENT","06:00","08:00","coach_sunil","full_day",""
"at_00622","b_wk_u8_230","st_shivaay_ruia","coach-1","2026-08-08","PRESENT","06:00","08:00","coach_sunil","full_day",""
"at_00623","b_wk_u8_230","st_vansh_katari","coach-1","2026-08-08","PRESENT","06:00","08:00","coach_sunil","full_day",""
"at_00624","b_wk_u8_230","st_prabhit_kanakia","coach-1","2026-08-08","PRESENT","06:00","08:00","coach_sunil","full_day",""
"at_00625","b_wk_8p_230","st_ziana_vora","coach-1","2026-08-08","PRESENT","06:00","08:00","coach_karan","full_day",""
"at_00626","b_wk_8p_230","st_naavya_desai","coach-1","2026-08-08","PRESENT","06:00","08:00","coach_karan","full_day",""
"at_00627","b_wk_u8_330","st_sasha_saini","coach-1","2026-08-08","PRESENT","06:00","08:00","coach_sunil","full_day",""
"at_00628","b_wk_u8_330","st_shivan_chauhan","coach-1","2026-08-08","PRESENT","06:00","08:00","coach_sunil","full_day",""
"at_00629","b_wk_u8_330","st_advait_parekh","coach-1","2026-08-08","PRESENT","06:00","08:00","coach_sunil","full_day",""
"at_00630","b_wk_u8_330","st_rada_saran_koshcheeva","coach-1","2026-08-08","PRESENT","06:00","08:00","coach_sunil","full_day",""
"at_00631","b_wk_u8_330","st_maahi_pabari","coach-1","2026-08-08","PRESENT","06:00","08:00","coach_sunil","full_day",""
"at_00632","b_wk_u8_330","st_dhven_mukhi","coach-1","2026-08-08","PRESENT","06:00","08:00","coach_sunil","full_day",""
"at_00633","b_wk_8p_330","st_kyra_golcha","coach-1","2026-08-08","PRESENT","06:00","08:00","coach_karan","full_day",""
"at_00634","b_wk_8p_330","st_aditya_kapadia","coach-1","2026-08-08","PRESENT","06:00","08:00","coach_karan","full_day",""
"at_00635","b_wk_8p_330","st_ananya_kapadia","coach-1","2026-08-08","PRESENT","06:00","08:00","coach_karan","full_day",""
"at_00636","b_wk_8p_330","st_rehaan_merchant","coach-1","2026-08-08","ABSENT","06:00","08:00","coach_karan","full_day",""
"at_00637","b_wk_u8_230","st_prashi_iyer","coach-1","2026-08-09","PRESENT","06:00","08:00","coach_sunil","full_day",""
"at_00638","b_wk_u8_230","st_tanuj_gupte","coach-1","2026-08-09","PRESENT","06:00","08:00","coach_sunil","full_day",""
"at_00639","b_wk_u8_230","st_shivaay_ruia","coach-1","2026-08-09","PRESENT","06:00","08:00","coach_sunil","full_day",""
"at_00640","b_wk_u8_230","st_vansh_katari","coach-1","2026-08-09","EXCUSED","06:00","08:00","coach_sunil","full_day",""
"at_00641","b_wk_u8_230","st_prabhit_kanakia","coach-1","2026-08-09","PRESENT","06:00","08:00","coach_sunil","full_day",""
"at_00642","b_wk_8p_230","st_ziana_vora","coach-1","2026-08-09","PRESENT","06:00","08:00","coach_karan","full_day",""
"at_00643","b_wk_8p_230","st_naavya_desai","coach-1","2026-08-09","PRESENT","06:00","08:00","coach_karan","full_day",""
"at_00644","b_wk_u8_330","st_sasha_saini","coach-1","2026-08-09","PRESENT","06:00","08:00","coach_sunil","full_day",""
"at_00645","b_wk_u8_330","st_shivan_chauhan","coach-1","2026-08-09","PRESENT","06:00","08:00","coach_sunil","full_day",""
"at_00646","b_wk_u8_330","st_advait_parekh","coach-1","2026-08-09","PRESENT","06:00","08:00","coach_sunil","full_day",""
"at_00647","b_wk_u8_330","st_rada_saran_koshcheeva","coach-1","2026-08-09","PRESENT","06:00","08:00","coach_sunil","full_day",""
"at_00648","b_wk_u8_330","st_maahi_pabari","coach-1","2026-08-09","PRESENT","06:00","08:00","coach_sunil","full_day",""
"at_00649","b_wk_u8_330","st_dhven_mukhi","coach-1","2026-08-09","PRESENT","06:00","08:00","coach_sunil","full_day",""
"at_00650","b_wk_8p_330","st_kyra_golcha","coach-1","2026-08-09","ABSENT","06:00","08:00","coach_karan","full_day",""
"at_00651","b_wk_8p_330","st_aditya_kapadia","coach-1","2026-08-09","PRESENT","06:00","08:00","coach_karan","full_day",""
"at_00652","b_wk_8p_330","st_ananya_kapadia","coach-1","2026-08-09","LATE","06:00","08:00","coach_karan","full_day",""
"at_00653","b_wk_8p_330","st_rehaan_merchant","coach-1","2026-08-09","PRESENT","06:00","08:00","coach_karan","full_day",""
"at_00654","b_mwf_adv_c2","st_kaisha_mehta","coach-1","2026-08-10","PRESENT","06:00","08:00","coach_jagdish","full_day",""
"at_00655","b_mwf_adv_c2","st_arhaan_dutt","coach-1","2026-08-10","LATE","06:00","08:00","coach_jagdish","full_day",""
"at_00656","b_mwf_adv_c2","st_siddharth_dsouza","coach-1","2026-08-10","ABSENT","06:00","08:00","coach_jagdish","full_day",""
"at_00657","b_mwf_adv_c2","st_hrivaan_mehta","coach-1","2026-08-10","PRESENT","06:00","08:00","coach_jagdish","full_day",""
"at_00658","b_mwf_adv_c3","st_aarush_khanna","coach-1","2026-08-10","PRESENT","06:00","08:00","coach_nanu","full_day",""
"at_00659","b_mwf_adv_c3","st_aadvik_khanna","coach-1","2026-08-10","PRESENT","06:00","08:00","coach_nanu","full_day",""
"at_00660","b_mwf_adv_c3","st_thiyaan_manik","coach-1","2026-08-10","PRESENT","06:00","08:00","coach_nanu","full_day",""
"at_00661","b_mwf_adv_c3","st_arjun_moorthy","coach-1","2026-08-10","PRESENT","06:00","08:00","coach_nanu","full_day",""
"at_00662","b_mwf_adv_c4","st_abir_sukhani","coach-1","2026-08-10","PRESENT","06:00","08:00","coach_santosh","full_day",""
"at_00663","b_mwf_adv_c4","st_yuvaan_bajaj","coach-1","2026-08-10","PRESENT","06:00","08:00","coach_santosh","full_day",""
"at_00664","b_mwf_adv_c5","st_kabir_ludhani","coach-1","2026-08-10","PRESENT","06:00","08:00","coach_anil","full_day",""
"at_00665","b_mwf_adv_c5","st_ayaan_salot","coach-1","2026-08-10","PRESENT","06:00","08:00","coach_anil","full_day",""
"at_00666","b_mwf_adv_c5","st_vivaan_mehra","coach-1","2026-08-10","PRESENT","06:00","08:00","coach_anil","full_day",""
"at_00667","b_mwf_adv_c5","st_dev_karnik","coach-1","2026-08-10","PRESENT","06:00","08:00","coach_anil","full_day",""
"at_00668","b_mwf_advgrn_c6","st_arjun_arya","coach-1","2026-08-10","PRESENT","06:00","08:00","coach_vinod","full_day",""
"at_00669","b_mwf_advgrn_c6","st_aarav_chandra","coach-1","2026-08-10","PRESENT","06:00","08:00","coach_vinod","full_day",""
"at_00670","b_mwf_orange_c5","st_aalya_saini","coach-1","2026-08-10","PRESENT","06:00","08:00","coach_karan","full_day",""
"at_00671","b_mwf_orange_c5","st_alina_yalla","coach-1","2026-08-10","PRESENT","06:00","08:00","coach_karan","full_day",""
"at_00672","b_mwf_orange_c5","st_aarush_sanghvi","coach-1","2026-08-10","PRESENT","06:00","08:00","coach_karan","full_day",""
"at_00673","b_mwf_orange_c5","st_meera_vivek","coach-1","2026-08-10","PRESENT","06:00","08:00","coach_karan","full_day",""
"at_00674","b_mwf_orange_c5","st_krisha_desai","coach-1","2026-08-10","PRESENT","06:00","08:00","coach_karan","full_day",""
"at_00675","b_mwf_orange_c5","st_aarshiv_karla","coach-1","2026-08-10","PRESENT","06:00","08:00","coach_karan","full_day",""
"at_00676","b_mwf_orange_c5","st_aroush_mehta","coach-1","2026-08-10","PRESENT","06:00","08:00","coach_karan","full_day",""
"at_00677","b_mwf_orange_c5","st_ivanka_chouhan","coach-1","2026-08-10","PRESENT","06:00","08:00","coach_karan","full_day",""
"at_00678","b_mwf_orange_c5","st_aarav_sanghvi","coach-1","2026-08-10","PRESENT","06:00","08:00","coach_karan","full_day",""
"at_00679","b_mwf_red_c6","st_shaurya_kothari","coach-1","2026-08-10","PRESENT","06:00","08:00","coach_sunil","full_day",""
"at_00680","b_mwf_red_c6","st_aarav_heble","coach-1","2026-08-10","PRESENT","06:00","08:00","coach_sunil","full_day",""
"at_00681","b_mwf_red_c6","st_aveer_vasant","coach-1","2026-08-10","PRESENT","06:00","08:00","coach_sunil","full_day",""
"at_00682","b_mwf_red_c6","st_alyssa_modawalla","coach-1","2026-08-10","EXCUSED","06:00","08:00","coach_sunil","full_day",""
"at_00683","b_mwf_red_c6","st_aveera_rathod","coach-1","2026-08-10","PRESENT","06:00","08:00","coach_sunil","full_day",""
"at_00684","b_mwf_red_c6","st_alyza_jhaveri","coach-1","2026-08-10","LATE","06:00","08:00","coach_sunil","full_day",""
"at_00685","b_mwf_red_c6","st_aryaveer_rathod","coach-1","2026-08-10","PRESENT","06:00","08:00","coach_sunil","full_day",""
"at_00686","b_mwf_red_c6","st_ananya_dodhia","coach-1","2026-08-10","PRESENT","06:00","08:00","coach_sunil","full_day",""
"at_00687","b_mwf_red_c6","st_divyansh_bhatija","coach-1","2026-08-10","PRESENT","06:00","08:00","coach_sunil","full_day",""
"at_00688","b_mwf_red_c6","st_arya_mehta","coach-1","2026-08-10","LATE","06:00","08:00","coach_sunil","full_day",""
"at_00689","b_mwf_red_c6","st_agastya_kalra","coach-1","2026-08-10","PRESENT","06:00","08:00","coach_sunil","full_day",""
"at_00690","b_mwf_red_c6","st_kiara_shah","coach-1","2026-08-10","PRESENT","06:00","08:00","coach_sunil","full_day",""
"at_00691","b_mwf_green_c3","st_zain_guzman","coach-1","2026-08-10","PRESENT","06:00","08:00","coach_karim","full_day",""
"at_00692","b_mwf_green_c3","st_avyaan_barot","coach-1","2026-08-10","PRESENT","06:00","08:00","coach_karim","full_day",""
"at_00693","b_mwf_fit_a","st_hrivaan_mehta","coach-1","2026-08-10","ABSENT","06:00","08:00","coach_fitness","full_day",""
"at_00694","b_mwf_fit_a","st_arjun_arya","coach-1","2026-08-10","PRESENT","06:00","08:00","coach_fitness","full_day",""
"at_00695","b_mwf_fit_a","st_dev_karnik","coach-1","2026-08-10","PRESENT","06:00","08:00","coach_fitness","full_day",""
"at_00696","b_mwf_fit_a","st_zahaan_sachdeva","coach-1","2026-08-10","PRESENT","06:00","08:00","coach_fitness","full_day",""
"at_00697","b_mwf_fit_a","st_riddhima_shah","coach-1","2026-08-10","PRESENT","06:00","08:00","coach_fitness","full_day",""
"at_00698","b_mwf_fit_a","st_ayaan_salot","coach-1","2026-08-10","PRESENT","06:00","08:00","coach_fitness","full_day",""
"at_00699","b_mwf_fit_b","st_siddhanth_dsouza","coach-1","2026-08-10","PRESENT","06:00","08:00","coach_fitness","full_day",""
"at_00700","b_mwf_fit_b","st_aarush_khanna","coach-1","2026-08-10","PRESENT","06:00","08:00","coach_fitness","full_day",""
"at_00701","b_mwf_fit_b","st_aadvik_khanna","coach-1","2026-08-10","LATE","06:00","08:00","coach_fitness","full_day",""
"at_00702","b_mwf_fit_b","st_kaisha_mehta","coach-1","2026-08-10","PRESENT","06:00","08:00","coach_fitness","full_day",""
"at_00703","b_mwf_fit_b","st_arhaan_dutt","coach-1","2026-08-10","PRESENT","06:00","08:00","coach_fitness","full_day",""
"at_00704","b_mwf_fit_b","st_kimaya_katyal","coach-1","2026-08-10","PRESENT","06:00","08:00","coach_fitness","full_day",""
"at_00705","b_tts_int_c3","st_aarohi_singhal","coach-1","2026-08-11","PRESENT","06:00","08:00","coach_jagdish","full_day",""
"at_00706","b_tts_int_c4","st_amaira_chauhan","coach-1","2026-08-11","PRESENT","06:00","08:00","coach_nanu","full_day",""
"at_00707","b_tts_int_c4","st_arjun_choudhary","coach-1","2026-08-11","PRESENT","06:00","08:00","coach_nanu","full_day",""
"at_00708","b_tts_int_c5","st_hrivaan_mehta","coach-1","2026-08-11","PRESENT","06:00","08:00","coach_anil","full_day",""
"at_00709","b_tts_int_c5","st_siddharth_dsouza","coach-1","2026-08-11","PRESENT","06:00","08:00","coach_anil","full_day",""
"at_00710","b_tts_int_c5","st_vivaan_mehra","coach-1","2026-08-11","PRESENT","06:00","08:00","coach_anil","full_day",""
"at_00711","b_tts_int_c5","st_kimaya_katyal","coach-1","2026-08-11","PRESENT","06:00","08:00","coach_anil","full_day",""
"at_00712","b_tts_green_c5","st_inez_mehra","coach-1","2026-08-11","PRESENT","06:00","08:00","coach_karan","full_day",""
"at_00713","b_tts_green_c5","st_vrahad_arora","coach-1","2026-08-11","PRESENT","06:00","08:00","coach_karan","full_day",""
"at_00714","b_tts_green_c5","st_aksania_atal","coach-1","2026-08-11","PRESENT","06:00","08:00","coach_karan","full_day",""
"at_00715","b_tts_green_c5","st_arjun_shah","coach-1","2026-08-11","PRESENT","06:00","08:00","coach_karan","full_day",""
"at_00716","b_tts_green_c5","st_shivya_poddar","coach-1","2026-08-11","PRESENT","06:00","08:00","coach_karan","full_day",""
"at_00717","b_tts_green_c5","st_ayaan_sheth","coach-1","2026-08-11","PRESENT","06:00","08:00","coach_karan","full_day",""
"at_00718","b_tts_green_c5","st_arhaan_sanghvi","coach-1","2026-08-11","PRESENT","06:00","08:00","coach_karan","full_day",""
"at_00719","b_tts_green_c5","st_ananya_rajani","coach-1","2026-08-11","PRESENT","06:00","08:00","coach_karan","full_day",""
"at_00720","b_tts_green_c5","st_vivaan_oza","coach-1","2026-08-11","EXCUSED","06:00","08:00","coach_karan","full_day",""
"at_00721","b_tts_green_c5","st_vihaan_vasant","coach-1","2026-08-11","PRESENT","06:00","08:00","coach_karan","full_day",""
"at_00722","b_tts_green_c6","st_amara_yalla","coach-1","2026-08-11","PRESENT","06:00","08:00","coach_karim","full_day",""
"at_00723","b_tts_green_c6","st_ahaan_kewalramani","coach-1","2026-08-11","PRESENT","06:00","08:00","coach_karim","full_day",""
"at_00724","b_tts_green_c6","st_viana_shah","coach-1","2026-08-11","PRESENT","06:00","08:00","coach_karim","full_day",""
"at_00725","b_tts_red_c6","st_ivana_ganeriwal","coach-1","2026-08-11","ABSENT","06:00","08:00","coach_sunil","full_day",""
"at_00726","b_tts_red_c6","st_kavir_chopra","coach-1","2026-08-11","PRESENT","06:00","08:00","coach_sunil","full_day",""
"at_00727","b_tts_red_c6","st_ariaan_khandelwal","coach-1","2026-08-11","PRESENT","06:00","08:00","coach_sunil","full_day",""
"at_00728","b_tts_red_c6","st_kianna_jain","coach-1","2026-08-11","EXCUSED","06:00","08:00","coach_sunil","full_day",""
"at_00729","b_tts_red_c6","st_zayn_winston","coach-1","2026-08-11","PRESENT","06:00","08:00","coach_sunil","full_day",""
"at_00730","b_tts_red_c6","st_parth_mehta","coach-1","2026-08-11","PRESENT","06:00","08:00","coach_sunil","full_day",""
"at_00731","b_tts_red_c6","st_avish_shah","coach-1","2026-08-11","ABSENT","06:00","08:00","coach_sunil","full_day",""
"at_00732","b_tts_red_c6","st_anaiza_jhaveri","coach-1","2026-08-11","PRESENT","06:00","08:00","coach_sunil","full_day",""
"at_00733","b_tts_red_c6","st_shauraya_sekhani","coach-1","2026-08-11","PRESENT","06:00","08:00","coach_sunil","full_day",""
"at_00734","b_tts_red_c6","st_nihira_desai","coach-1","2026-08-11","PRESENT","06:00","08:00","coach_sunil","full_day",""
"at_00735","b_tts_red_c6","st_kaira_vajifdar","coach-1","2026-08-11","PRESENT","06:00","08:00","coach_sunil","full_day",""
"at_00736","b_tts_red_c6","st_sohana_chandanani","coach-1","2026-08-11","PRESENT","06:00","08:00","coach_sunil","full_day",""
"at_00737","b_tts_fit_c6","st_amara_yalla","coach-1","2026-08-11","ABSENT","06:00","08:00","coach_fitness","full_day",""
"at_00738","b_tts_fit_c6","st_viana_shah","coach-1","2026-08-11","PRESENT","06:00","08:00","coach_fitness","full_day",""
"at_00739","b_tts_fit_c6","st_aarohi_singhal","coach-1","2026-08-11","ABSENT","06:00","08:00","coach_fitness","full_day",""
"at_00740","b_mwf_adv_c2","st_kaisha_mehta","coach-1","2026-08-12","PRESENT","06:00","08:00","coach_jagdish","full_day",""
"at_00741","b_mwf_adv_c2","st_arhaan_dutt","coach-1","2026-08-12","PRESENT","06:00","08:00","coach_jagdish","full_day",""
"at_00742","b_mwf_adv_c2","st_siddharth_dsouza","coach-1","2026-08-12","PRESENT","06:00","08:00","coach_jagdish","full_day",""
"at_00743","b_mwf_adv_c2","st_hrivaan_mehta","coach-1","2026-08-12","PRESENT","06:00","08:00","coach_jagdish","full_day",""
"at_00744","b_mwf_adv_c3","st_aarush_khanna","coach-1","2026-08-12","LATE","06:00","08:00","coach_nanu","full_day",""
"at_00745","b_mwf_adv_c3","st_aadvik_khanna","coach-1","2026-08-12","PRESENT","06:00","08:00","coach_nanu","full_day",""
"at_00746","b_mwf_adv_c3","st_thiyaan_manik","coach-1","2026-08-12","PRESENT","06:00","08:00","coach_nanu","full_day",""
"at_00747","b_mwf_adv_c3","st_arjun_moorthy","coach-1","2026-08-12","PRESENT","06:00","08:00","coach_nanu","full_day",""
"at_00748","b_mwf_adv_c4","st_abir_sukhani","coach-1","2026-08-12","PRESENT","06:00","08:00","coach_santosh","full_day",""
"at_00749","b_mwf_adv_c4","st_yuvaan_bajaj","coach-1","2026-08-12","PRESENT","06:00","08:00","coach_santosh","full_day",""
"at_00750","b_mwf_adv_c5","st_kabir_ludhani","coach-1","2026-08-12","PRESENT","06:00","08:00","coach_anil","full_day",""
"at_00751","b_mwf_adv_c5","st_ayaan_salot","coach-1","2026-08-12","PRESENT","06:00","08:00","coach_anil","full_day",""
"at_00752","b_mwf_adv_c5","st_vivaan_mehra","coach-1","2026-08-12","PRESENT","06:00","08:00","coach_anil","full_day",""
"at_00753","b_mwf_adv_c5","st_dev_karnik","coach-1","2026-08-12","PRESENT","06:00","08:00","coach_anil","full_day",""
"at_00754","b_mwf_advgrn_c6","st_arjun_arya","coach-1","2026-08-12","PRESENT","06:00","08:00","coach_vinod","full_day",""
"at_00755","b_mwf_advgrn_c6","st_aarav_chandra","coach-1","2026-08-12","PRESENT","06:00","08:00","coach_vinod","full_day",""
"at_00756","b_mwf_orange_c5","st_aalya_saini","coach-1","2026-08-12","PRESENT","06:00","08:00","coach_karan","full_day",""
"at_00757","b_mwf_orange_c5","st_alina_yalla","coach-1","2026-08-12","LATE","06:00","08:00","coach_karan","full_day",""
"at_00758","b_mwf_orange_c5","st_aarush_sanghvi","coach-1","2026-08-12","PRESENT","06:00","08:00","coach_karan","full_day",""
"at_00759","b_mwf_orange_c5","st_meera_vivek","coach-1","2026-08-12","PRESENT","06:00","08:00","coach_karan","full_day",""
"at_00760","b_mwf_orange_c5","st_krisha_desai","coach-1","2026-08-12","PRESENT","06:00","08:00","coach_karan","full_day",""
"at_00761","b_mwf_orange_c5","st_aarshiv_karla","coach-1","2026-08-12","PRESENT","06:00","08:00","coach_karan","full_day",""
"at_00762","b_mwf_orange_c5","st_aroush_mehta","coach-1","2026-08-12","PRESENT","06:00","08:00","coach_karan","full_day",""
"at_00763","b_mwf_orange_c5","st_ivanka_chouhan","coach-1","2026-08-12","PRESENT","06:00","08:00","coach_karan","full_day",""
"at_00764","b_mwf_orange_c5","st_aarav_sanghvi","coach-1","2026-08-12","PRESENT","06:00","08:00","coach_karan","full_day",""
"at_00765","b_mwf_red_c6","st_shaurya_kothari","coach-1","2026-08-12","PRESENT","06:00","08:00","coach_sunil","full_day",""
"at_00766","b_mwf_red_c6","st_aarav_heble","coach-1","2026-08-12","PRESENT","06:00","08:00","coach_sunil","full_day",""
"at_00767","b_mwf_red_c6","st_aveer_vasant","coach-1","2026-08-12","PRESENT","06:00","08:00","coach_sunil","full_day",""
"at_00768","b_mwf_red_c6","st_alyssa_modawalla","coach-1","2026-08-12","PRESENT","06:00","08:00","coach_sunil","full_day",""
"at_00769","b_mwf_red_c6","st_aveera_rathod","coach-1","2026-08-12","PRESENT","06:00","08:00","coach_sunil","full_day",""
"at_00770","b_mwf_red_c6","st_alyza_jhaveri","coach-1","2026-08-12","PRESENT","06:00","08:00","coach_sunil","full_day",""
"at_00771","b_mwf_red_c6","st_aryaveer_rathod","coach-1","2026-08-12","PRESENT","06:00","08:00","coach_sunil","full_day",""
"at_00772","b_mwf_red_c6","st_ananya_dodhia","coach-1","2026-08-12","EXCUSED","06:00","08:00","coach_sunil","full_day",""
"at_00773","b_mwf_red_c6","st_divyansh_bhatija","coach-1","2026-08-12","PRESENT","06:00","08:00","coach_sunil","full_day",""
"at_00774","b_mwf_red_c6","st_arya_mehta","coach-1","2026-08-12","PRESENT","06:00","08:00","coach_sunil","full_day",""
"at_00775","b_mwf_red_c6","st_agastya_kalra","coach-1","2026-08-12","PRESENT","06:00","08:00","coach_sunil","full_day",""
"at_00776","b_mwf_red_c6","st_kiara_shah","coach-1","2026-08-12","PRESENT","06:00","08:00","coach_sunil","full_day",""
"at_00777","b_mwf_green_c3","st_zain_guzman","coach-1","2026-08-12","PRESENT","06:00","08:00","coach_karim","full_day",""
"at_00778","b_mwf_green_c3","st_avyaan_barot","coach-1","2026-08-12","PRESENT","06:00","08:00","coach_karim","full_day",""
"at_00779","b_mwf_fit_a","st_hrivaan_mehta","coach-1","2026-08-12","PRESENT","06:00","08:00","coach_fitness","full_day",""
"at_00780","b_mwf_fit_a","st_arjun_arya","coach-1","2026-08-12","PRESENT","06:00","08:00","coach_fitness","full_day",""
"at_00781","b_mwf_fit_a","st_dev_karnik","coach-1","2026-08-12","PRESENT","06:00","08:00","coach_fitness","full_day",""
"at_00782","b_mwf_fit_a","st_zahaan_sachdeva","coach-1","2026-08-12","ABSENT","06:00","08:00","coach_fitness","full_day",""
"at_00783","b_mwf_fit_a","st_riddhima_shah","coach-1","2026-08-12","PRESENT","06:00","08:00","coach_fitness","full_day",""
"at_00784","b_mwf_fit_a","st_ayaan_salot","coach-1","2026-08-12","PRESENT","06:00","08:00","coach_fitness","full_day",""
"at_00785","b_mwf_fit_b","st_siddhanth_dsouza","coach-1","2026-08-12","PRESENT","06:00","08:00","coach_fitness","full_day",""
"at_00786","b_mwf_fit_b","st_aarush_khanna","coach-1","2026-08-12","PRESENT","06:00","08:00","coach_fitness","full_day",""
"at_00787","b_mwf_fit_b","st_aadvik_khanna","coach-1","2026-08-12","PRESENT","06:00","08:00","coach_fitness","full_day",""
"at_00788","b_mwf_fit_b","st_kaisha_mehta","coach-1","2026-08-12","PRESENT","06:00","08:00","coach_fitness","full_day",""
"at_00789","b_mwf_fit_b","st_arhaan_dutt","coach-1","2026-08-12","LATE","06:00","08:00","coach_fitness","full_day",""
"at_00790","b_mwf_fit_b","st_kimaya_katyal","coach-1","2026-08-12","PRESENT","06:00","08:00","coach_fitness","full_day",""
"at_00791","b_tts_int_c3","st_aarohi_singhal","coach-1","2026-08-13","PRESENT","06:00","08:00","coach_jagdish","full_day",""
"at_00792","b_tts_int_c4","st_amaira_chauhan","coach-1","2026-08-13","PRESENT","06:00","08:00","coach_nanu","full_day",""
"at_00793","b_tts_int_c4","st_arjun_choudhary","coach-1","2026-08-13","PRESENT","06:00","08:00","coach_nanu","full_day",""
"at_00794","b_tts_int_c5","st_hrivaan_mehta","coach-1","2026-08-13","PRESENT","06:00","08:00","coach_anil","full_day",""
"at_00795","b_tts_int_c5","st_siddharth_dsouza","coach-1","2026-08-13","PRESENT","06:00","08:00","coach_anil","full_day",""
"at_00796","b_tts_int_c5","st_vivaan_mehra","coach-1","2026-08-13","PRESENT","06:00","08:00","coach_anil","full_day",""
"at_00797","b_tts_int_c5","st_kimaya_katyal","coach-1","2026-08-13","PRESENT","06:00","08:00","coach_anil","full_day",""
"at_00798","b_tts_green_c5","st_inez_mehra","coach-1","2026-08-13","PRESENT","06:00","08:00","coach_karan","full_day",""
"at_00799","b_tts_green_c5","st_vrahad_arora","coach-1","2026-08-13","PRESENT","06:00","08:00","coach_karan","full_day",""
"at_00800","b_tts_green_c5","st_aksania_atal","coach-1","2026-08-13","PRESENT","06:00","08:00","coach_karan","full_day",""
"at_00801","b_tts_green_c5","st_arjun_shah","coach-1","2026-08-13","PRESENT","06:00","08:00","coach_karan","full_day",""
"at_00802","b_tts_green_c5","st_shivya_poddar","coach-1","2026-08-13","ABSENT","06:00","08:00","coach_karan","full_day",""
"at_00803","b_tts_green_c5","st_ayaan_sheth","coach-1","2026-08-13","PRESENT","06:00","08:00","coach_karan","full_day",""
"at_00804","b_tts_green_c5","st_arhaan_sanghvi","coach-1","2026-08-13","PRESENT","06:00","08:00","coach_karan","full_day",""
"at_00805","b_tts_green_c5","st_ananya_rajani","coach-1","2026-08-13","PRESENT","06:00","08:00","coach_karan","full_day",""
"at_00806","b_tts_green_c5","st_vivaan_oza","coach-1","2026-08-13","EXCUSED","06:00","08:00","coach_karan","full_day",""
"at_00807","b_tts_green_c5","st_vihaan_vasant","coach-1","2026-08-13","PRESENT","06:00","08:00","coach_karan","full_day",""
"at_00808","b_tts_green_c6","st_amara_yalla","coach-1","2026-08-13","PRESENT","06:00","08:00","coach_karim","full_day",""
"at_00809","b_tts_green_c6","st_ahaan_kewalramani","coach-1","2026-08-13","PRESENT","06:00","08:00","coach_karim","full_day",""
"at_00810","b_tts_green_c6","st_viana_shah","coach-1","2026-08-13","PRESENT","06:00","08:00","coach_karim","full_day",""
"at_00811","b_tts_red_c6","st_ivana_ganeriwal","coach-1","2026-08-13","PRESENT","06:00","08:00","coach_sunil","full_day",""
"at_00812","b_tts_red_c6","st_kavir_chopra","coach-1","2026-08-13","PRESENT","06:00","08:00","coach_sunil","full_day",""
"at_00813","b_tts_red_c6","st_ariaan_khandelwal","coach-1","2026-08-13","PRESENT","06:00","08:00","coach_sunil","full_day",""
"at_00814","b_tts_red_c6","st_kianna_jain","coach-1","2026-08-13","PRESENT","06:00","08:00","coach_sunil","full_day",""
"at_00815","b_tts_red_c6","st_zayn_winston","coach-1","2026-08-13","EXCUSED","06:00","08:00","coach_sunil","full_day",""
"at_00816","b_tts_red_c6","st_parth_mehta","coach-1","2026-08-13","PRESENT","06:00","08:00","coach_sunil","full_day",""
"at_00817","b_tts_red_c6","st_avish_shah","coach-1","2026-08-13","PRESENT","06:00","08:00","coach_sunil","full_day",""
"at_00818","b_tts_red_c6","st_anaiza_jhaveri","coach-1","2026-08-13","PRESENT","06:00","08:00","coach_sunil","full_day",""
"at_00819","b_tts_red_c6","st_shauraya_sekhani","coach-1","2026-08-13","PRESENT","06:00","08:00","coach_sunil","full_day",""
"at_00820","b_tts_red_c6","st_nihira_desai","coach-1","2026-08-13","PRESENT","06:00","08:00","coach_sunil","full_day",""
"at_00821","b_tts_red_c6","st_kaira_vajifdar","coach-1","2026-08-13","ABSENT","06:00","08:00","coach_sunil","full_day",""
"at_00822","b_tts_red_c6","st_sohana_chandanani","coach-1","2026-08-13","PRESENT","06:00","08:00","coach_sunil","full_day",""
"at_00823","b_tts_fit_c6","st_amara_yalla","coach-1","2026-08-13","PRESENT","06:00","08:00","coach_fitness","full_day",""
"at_00824","b_tts_fit_c6","st_viana_shah","coach-1","2026-08-13","EXCUSED","06:00","08:00","coach_fitness","full_day",""
"at_00825","b_tts_fit_c6","st_aarohi_singhal","coach-1","2026-08-13","PRESENT","06:00","08:00","coach_fitness","full_day",""
"at_00826","b_mwf_adv_c2","st_kaisha_mehta","coach-1","2026-08-14","PRESENT","06:00","08:00","coach_jagdish","full_day",""
"at_00827","b_mwf_adv_c2","st_arhaan_dutt","coach-1","2026-08-14","PRESENT","06:00","08:00","coach_jagdish","full_day",""
"at_00828","b_mwf_adv_c2","st_siddharth_dsouza","coach-1","2026-08-14","PRESENT","06:00","08:00","coach_jagdish","full_day",""
"at_00829","b_mwf_adv_c2","st_hrivaan_mehta","coach-1","2026-08-14","PRESENT","06:00","08:00","coach_jagdish","full_day",""
"at_00830","b_mwf_adv_c3","st_aarush_khanna","coach-1","2026-08-14","PRESENT","06:00","08:00","coach_nanu","full_day",""
"at_00831","b_mwf_adv_c3","st_aadvik_khanna","coach-1","2026-08-14","PRESENT","06:00","08:00","coach_nanu","full_day",""
"at_00832","b_mwf_adv_c3","st_thiyaan_manik","coach-1","2026-08-14","PRESENT","06:00","08:00","coach_nanu","full_day",""
"at_00833","b_mwf_adv_c3","st_arjun_moorthy","coach-1","2026-08-14","PRESENT","06:00","08:00","coach_nanu","full_day",""
"at_00834","b_mwf_adv_c4","st_abir_sukhani","coach-1","2026-08-14","PRESENT","06:00","08:00","coach_santosh","full_day",""
"at_00835","b_mwf_adv_c4","st_yuvaan_bajaj","coach-1","2026-08-14","LATE","06:00","08:00","coach_santosh","full_day",""
"at_00836","b_mwf_adv_c5","st_kabir_ludhani","coach-1","2026-08-14","LATE","06:00","08:00","coach_anil","full_day",""
"at_00837","b_mwf_adv_c5","st_ayaan_salot","coach-1","2026-08-14","LATE","06:00","08:00","coach_anil","full_day",""
"at_00838","b_mwf_adv_c5","st_vivaan_mehra","coach-1","2026-08-14","PRESENT","06:00","08:00","coach_anil","full_day",""
"at_00839","b_mwf_adv_c5","st_dev_karnik","coach-1","2026-08-14","PRESENT","06:00","08:00","coach_anil","full_day",""
"at_00840","b_mwf_advgrn_c6","st_arjun_arya","coach-1","2026-08-14","PRESENT","06:00","08:00","coach_vinod","full_day",""
"at_00841","b_mwf_advgrn_c6","st_aarav_chandra","coach-1","2026-08-14","PRESENT","06:00","08:00","coach_vinod","full_day",""
"at_00842","b_mwf_orange_c5","st_aalya_saini","coach-1","2026-08-14","PRESENT","06:00","08:00","coach_karan","full_day",""
"at_00843","b_mwf_orange_c5","st_alina_yalla","coach-1","2026-08-14","PRESENT","06:00","08:00","coach_karan","full_day",""
"at_00844","b_mwf_orange_c5","st_aarush_sanghvi","coach-1","2026-08-14","PRESENT","06:00","08:00","coach_karan","full_day",""
"at_00845","b_mwf_orange_c5","st_meera_vivek","coach-1","2026-08-14","PRESENT","06:00","08:00","coach_karan","full_day",""
"at_00846","b_mwf_orange_c5","st_krisha_desai","coach-1","2026-08-14","PRESENT","06:00","08:00","coach_karan","full_day",""
"at_00847","b_mwf_orange_c5","st_aarshiv_karla","coach-1","2026-08-14","PRESENT","06:00","08:00","coach_karan","full_day",""
"at_00848","b_mwf_orange_c5","st_aroush_mehta","coach-1","2026-08-14","PRESENT","06:00","08:00","coach_karan","full_day",""
"at_00849","b_mwf_orange_c5","st_ivanka_chouhan","coach-1","2026-08-14","PRESENT","06:00","08:00","coach_karan","full_day",""
"at_00850","b_mwf_orange_c5","st_aarav_sanghvi","coach-1","2026-08-14","PRESENT","06:00","08:00","coach_karan","full_day",""
"at_00851","b_mwf_red_c6","st_shaurya_kothari","coach-1","2026-08-14","PRESENT","06:00","08:00","coach_sunil","full_day",""
"at_00852","b_mwf_red_c6","st_aarav_heble","coach-1","2026-08-14","PRESENT","06:00","08:00","coach_sunil","full_day",""
"at_00853","b_mwf_red_c6","st_aveer_vasant","coach-1","2026-08-14","PRESENT","06:00","08:00","coach_sunil","full_day",""
"at_00854","b_mwf_red_c6","st_alyssa_modawalla","coach-1","2026-08-14","PRESENT","06:00","08:00","coach_sunil","full_day",""
"at_00855","b_mwf_red_c6","st_aveera_rathod","coach-1","2026-08-14","PRESENT","06:00","08:00","coach_sunil","full_day",""
"at_00856","b_mwf_red_c6","st_alyza_jhaveri","coach-1","2026-08-14","PRESENT","06:00","08:00","coach_sunil","full_day",""
"at_00857","b_mwf_red_c6","st_aryaveer_rathod","coach-1","2026-08-14","ABSENT","06:00","08:00","coach_sunil","full_day",""
"at_00858","b_mwf_red_c6","st_ananya_dodhia","coach-1","2026-08-14","PRESENT","06:00","08:00","coach_sunil","full_day",""
"at_00859","b_mwf_red_c6","st_divyansh_bhatija","coach-1","2026-08-14","PRESENT","06:00","08:00","coach_sunil","full_day",""
"at_00860","b_mwf_red_c6","st_arya_mehta","coach-1","2026-08-14","PRESENT","06:00","08:00","coach_sunil","full_day",""
"at_00861","b_mwf_red_c6","st_agastya_kalra","coach-1","2026-08-14","PRESENT","06:00","08:00","coach_sunil","full_day",""
"at_00862","b_mwf_red_c6","st_kiara_shah","coach-1","2026-08-14","PRESENT","06:00","08:00","coach_sunil","full_day",""
"at_00863","b_mwf_green_c3","st_zain_guzman","coach-1","2026-08-14","PRESENT","06:00","08:00","coach_karim","full_day",""
"at_00864","b_mwf_green_c3","st_avyaan_barot","coach-1","2026-08-14","PRESENT","06:00","08:00","coach_karim","full_day",""
"at_00865","b_mwf_fit_a","st_hrivaan_mehta","coach-1","2026-08-14","ABSENT","06:00","08:00","coach_fitness","full_day",""
"at_00866","b_mwf_fit_a","st_arjun_arya","coach-1","2026-08-14","PRESENT","06:00","08:00","coach_fitness","full_day",""
"at_00867","b_mwf_fit_a","st_dev_karnik","coach-1","2026-08-14","PRESENT","06:00","08:00","coach_fitness","full_day",""
"at_00868","b_mwf_fit_a","st_zahaan_sachdeva","coach-1","2026-08-14","PRESENT","06:00","08:00","coach_fitness","full_day",""
"at_00869","b_mwf_fit_a","st_riddhima_shah","coach-1","2026-08-14","PRESENT","06:00","08:00","coach_fitness","full_day",""
"at_00870","b_mwf_fit_a","st_ayaan_salot","coach-1","2026-08-14","PRESENT","06:00","08:00","coach_fitness","full_day",""
"at_00871","b_mwf_fit_b","st_siddhanth_dsouza","coach-1","2026-08-14","PRESENT","06:00","08:00","coach_fitness","full_day",""
"at_00872","b_mwf_fit_b","st_aarush_khanna","coach-1","2026-08-14","PRESENT","06:00","08:00","coach_fitness","full_day",""
"at_00873","b_mwf_fit_b","st_aadvik_khanna","coach-1","2026-08-14","PRESENT","06:00","08:00","coach_fitness","full_day",""
"at_00874","b_mwf_fit_b","st_kaisha_mehta","coach-1","2026-08-14","PRESENT","06:00","08:00","coach_fitness","full_day",""
"at_00875","b_mwf_fit_b","st_arhaan_dutt","coach-1","2026-08-14","PRESENT","06:00","08:00","coach_fitness","full_day",""
"at_00876","b_mwf_fit_b","st_kimaya_katyal","coach-1","2026-08-14","PRESENT","06:00","08:00","coach_fitness","full_day",""
"at_00877","b_tts_int_c3","st_aarohi_singhal","coach-1","2026-08-15","PRESENT","06:00","08:00","coach_jagdish","full_day",""
"at_00878","b_tts_int_c4","st_amaira_chauhan","coach-1","2026-08-15","PRESENT","06:00","08:00","coach_nanu","full_day",""
"at_00879","b_tts_int_c4","st_arjun_choudhary","coach-1","2026-08-15","PRESENT","06:00","08:00","coach_nanu","full_day",""
"at_00880","b_tts_int_c5","st_hrivaan_mehta","coach-1","2026-08-15","PRESENT","06:00","08:00","coach_anil","full_day",""
"at_00881","b_tts_int_c5","st_siddharth_dsouza","coach-1","2026-08-15","PRESENT","06:00","08:00","coach_anil","full_day",""
"at_00882","b_tts_int_c5","st_vivaan_mehra","coach-1","2026-08-15","PRESENT","06:00","08:00","coach_anil","full_day",""
"at_00883","b_tts_int_c5","st_kimaya_katyal","coach-1","2026-08-15","PRESENT","06:00","08:00","coach_anil","full_day",""
"at_00884","b_tts_green_c5","st_inez_mehra","coach-1","2026-08-15","PRESENT","06:00","08:00","coach_karan","full_day",""
"at_00885","b_tts_green_c5","st_vrahad_arora","coach-1","2026-08-15","PRESENT","06:00","08:00","coach_karan","full_day",""
"at_00886","b_tts_green_c5","st_aksania_atal","coach-1","2026-08-15","PRESENT","06:00","08:00","coach_karan","full_day",""
"at_00887","b_tts_green_c5","st_arjun_shah","coach-1","2026-08-15","PRESENT","06:00","08:00","coach_karan","full_day",""
"at_00888","b_tts_green_c5","st_shivya_poddar","coach-1","2026-08-15","ABSENT","06:00","08:00","coach_karan","full_day",""
"at_00889","b_tts_green_c5","st_ayaan_sheth","coach-1","2026-08-15","PRESENT","06:00","08:00","coach_karan","full_day",""
"at_00890","b_tts_green_c5","st_arhaan_sanghvi","coach-1","2026-08-15","PRESENT","06:00","08:00","coach_karan","full_day",""
"at_00891","b_tts_green_c5","st_ananya_rajani","coach-1","2026-08-15","PRESENT","06:00","08:00","coach_karan","full_day",""
"at_00892","b_tts_green_c5","st_vivaan_oza","coach-1","2026-08-15","PRESENT","06:00","08:00","coach_karan","full_day",""
"at_00893","b_tts_green_c5","st_vihaan_vasant","coach-1","2026-08-15","EXCUSED","06:00","08:00","coach_karan","full_day",""
"at_00894","b_tts_green_c6","st_amara_yalla","coach-1","2026-08-15","PRESENT","06:00","08:00","coach_karim","full_day",""
"at_00895","b_tts_green_c6","st_ahaan_kewalramani","coach-1","2026-08-15","PRESENT","06:00","08:00","coach_karim","full_day",""
"at_00896","b_tts_green_c6","st_viana_shah","coach-1","2026-08-15","PRESENT","06:00","08:00","coach_karim","full_day",""
"at_00897","b_tts_red_c6","st_ivana_ganeriwal","coach-1","2026-08-15","PRESENT","06:00","08:00","coach_sunil","full_day",""
"at_00898","b_tts_red_c6","st_kavir_chopra","coach-1","2026-08-15","EXCUSED","06:00","08:00","coach_sunil","full_day",""
"at_00899","b_tts_red_c6","st_ariaan_khandelwal","coach-1","2026-08-15","PRESENT","06:00","08:00","coach_sunil","full_day",""
"at_00900","b_tts_red_c6","st_kianna_jain","coach-1","2026-08-15","EXCUSED","06:00","08:00","coach_sunil","full_day",""
"at_00901","b_tts_red_c6","st_zayn_winston","coach-1","2026-08-15","PRESENT","06:00","08:00","coach_sunil","full_day",""
"at_00902","b_tts_red_c6","st_parth_mehta","coach-1","2026-08-15","PRESENT","06:00","08:00","coach_sunil","full_day",""
"at_00903","b_tts_red_c6","st_avish_shah","coach-1","2026-08-15","PRESENT","06:00","08:00","coach_sunil","full_day",""
"at_00904","b_tts_red_c6","st_anaiza_jhaveri","coach-1","2026-08-15","PRESENT","06:00","08:00","coach_sunil","full_day",""
"at_00905","b_tts_red_c6","st_shauraya_sekhani","coach-1","2026-08-15","PRESENT","06:00","08:00","coach_sunil","full_day",""
"at_00906","b_tts_red_c6","st_nihira_desai","coach-1","2026-08-15","PRESENT","06:00","08:00","coach_sunil","full_day",""
"at_00907","b_tts_red_c6","st_kaira_vajifdar","coach-1","2026-08-15","PRESENT","06:00","08:00","coach_sunil","full_day",""
"at_00908","b_tts_red_c6","st_sohana_chandanani","coach-1","2026-08-15","PRESENT","06:00","08:00","coach_sunil","full_day",""
"at_00909","b_tts_fit_c6","st_amara_yalla","coach-1","2026-08-15","PRESENT","06:00","08:00","coach_fitness","full_day",""
"at_00910","b_tts_fit_c6","st_viana_shah","coach-1","2026-08-15","PRESENT","06:00","08:00","coach_fitness","full_day",""
"at_00911","b_tts_fit_c6","st_aarohi_singhal","coach-1","2026-08-15","PRESENT","06:00","08:00","coach_fitness","full_day",""
"at_00912","b_wk_u8_230","st_prashi_iyer","coach-1","2026-08-15","PRESENT","06:00","08:00","coach_sunil","full_day",""
"at_00913","b_wk_u8_230","st_tanuj_gupte","coach-1","2026-08-15","PRESENT","06:00","08:00","coach_sunil","full_day",""
"at_00914","b_wk_u8_230","st_shivaay_ruia","coach-1","2026-08-15","PRESENT","06:00","08:00","coach_sunil","full_day",""
"at_00915","b_wk_u8_230","st_vansh_katari","coach-1","2026-08-15","PRESENT","06:00","08:00","coach_sunil","full_day",""
"at_00916","b_wk_u8_230","st_prabhit_kanakia","coach-1","2026-08-15","PRESENT","06:00","08:00","coach_sunil","full_day",""
"at_00917","b_wk_8p_230","st_ziana_vora","coach-1","2026-08-15","PRESENT","06:00","08:00","coach_karan","full_day",""
"at_00918","b_wk_8p_230","st_naavya_desai","coach-1","2026-08-15","PRESENT","06:00","08:00","coach_karan","full_day",""
"at_00919","b_wk_u8_330","st_sasha_saini","coach-1","2026-08-15","PRESENT","06:00","08:00","coach_sunil","full_day",""
"at_00920","b_wk_u8_330","st_shivan_chauhan","coach-1","2026-08-15","PRESENT","06:00","08:00","coach_sunil","full_day",""
"at_00921","b_wk_u8_330","st_advait_parekh","coach-1","2026-08-15","PRESENT","06:00","08:00","coach_sunil","full_day",""
"at_00922","b_wk_u8_330","st_rada_saran_koshcheeva","coach-1","2026-08-15","PRESENT","06:00","08:00","coach_sunil","full_day",""
"at_00923","b_wk_u8_330","st_maahi_pabari","coach-1","2026-08-15","PRESENT","06:00","08:00","coach_sunil","full_day",""
"at_00924","b_wk_u8_330","st_dhven_mukhi","coach-1","2026-08-15","PRESENT","06:00","08:00","coach_sunil","full_day",""
"at_00925","b_wk_8p_330","st_kyra_golcha","coach-1","2026-08-15","PRESENT","06:00","08:00","coach_karan","full_day",""
"at_00926","b_wk_8p_330","st_aditya_kapadia","coach-1","2026-08-15","PRESENT","06:00","08:00","coach_karan","full_day",""
"at_00927","b_wk_8p_330","st_ananya_kapadia","coach-1","2026-08-15","PRESENT","06:00","08:00","coach_karan","full_day",""
"at_00928","b_wk_8p_330","st_rehaan_merchant","coach-1","2026-08-15","PRESENT","06:00","08:00","coach_karan","full_day",""
"at_00929","b_wk_u8_230","st_prashi_iyer","coach-1","2026-08-16","PRESENT","06:00","08:00","coach_sunil","full_day",""
"at_00930","b_wk_u8_230","st_tanuj_gupte","coach-1","2026-08-16","ABSENT","06:00","08:00","coach_sunil","full_day",""
"at_00931","b_wk_u8_230","st_shivaay_ruia","coach-1","2026-08-16","PRESENT","06:00","08:00","coach_sunil","full_day",""
"at_00932","b_wk_u8_230","st_vansh_katari","coach-1","2026-08-16","PRESENT","06:00","08:00","coach_sunil","full_day",""
"at_00933","b_wk_u8_230","st_prabhit_kanakia","coach-1","2026-08-16","PRESENT","06:00","08:00","coach_sunil","full_day",""
"at_00934","b_wk_8p_230","st_ziana_vora","coach-1","2026-08-16","PRESENT","06:00","08:00","coach_karan","full_day",""
"at_00935","b_wk_8p_230","st_naavya_desai","coach-1","2026-08-16","PRESENT","06:00","08:00","coach_karan","full_day",""
"at_00936","b_wk_u8_330","st_sasha_saini","coach-1","2026-08-16","PRESENT","06:00","08:00","coach_sunil","full_day",""
"at_00937","b_wk_u8_330","st_shivan_chauhan","coach-1","2026-08-16","PRESENT","06:00","08:00","coach_sunil","full_day",""
"at_00938","b_wk_u8_330","st_advait_parekh","coach-1","2026-08-16","EXCUSED","06:00","08:00","coach_sunil","full_day",""
"at_00939","b_wk_u8_330","st_rada_saran_koshcheeva","coach-1","2026-08-16","PRESENT","06:00","08:00","coach_sunil","full_day",""
"at_00940","b_wk_u8_330","st_maahi_pabari","coach-1","2026-08-16","PRESENT","06:00","08:00","coach_sunil","full_day",""
"at_00941","b_wk_u8_330","st_dhven_mukhi","coach-1","2026-08-16","LATE","06:00","08:00","coach_sunil","full_day",""
"at_00942","b_wk_8p_330","st_kyra_golcha","coach-1","2026-08-16","PRESENT","06:00","08:00","coach_karan","full_day",""
"at_00943","b_wk_8p_330","st_aditya_kapadia","coach-1","2026-08-16","PRESENT","06:00","08:00","coach_karan","full_day",""
"at_00944","b_wk_8p_330","st_ananya_kapadia","coach-1","2026-08-16","PRESENT","06:00","08:00","coach_karan","full_day",""
"at_00945","b_wk_8p_330","st_rehaan_merchant","coach-1","2026-08-16","PRESENT","06:00","08:00","coach_karan","full_day",""
"at_00946","b_mwf_adv_c2","st_kaisha_mehta","coach-1","2026-08-17","PRESENT","06:00","08:00","coach_jagdish","full_day",""
"at_00947","b_mwf_adv_c2","st_arhaan_dutt","coach-1","2026-08-17","PRESENT","06:00","08:00","coach_jagdish","full_day",""
"at_00948","b_mwf_adv_c2","st_siddharth_dsouza","coach-1","2026-08-17","PRESENT","06:00","08:00","coach_jagdish","full_day",""
"at_00949","b_mwf_adv_c2","st_hrivaan_mehta","coach-1","2026-08-17","PRESENT","06:00","08:00","coach_jagdish","full_day",""
"at_00950","b_mwf_adv_c3","st_aarush_khanna","coach-1","2026-08-17","PRESENT","06:00","08:00","coach_nanu","full_day",""
"at_00951","b_mwf_adv_c3","st_aadvik_khanna","coach-1","2026-08-17","PRESENT","06:00","08:00","coach_nanu","full_day",""
"at_00952","b_mwf_adv_c3","st_thiyaan_manik","coach-1","2026-08-17","PRESENT","06:00","08:00","coach_nanu","full_day",""
"at_00953","b_mwf_adv_c3","st_arjun_moorthy","coach-1","2026-08-17","LATE","06:00","08:00","coach_nanu","full_day",""
"at_00954","b_mwf_adv_c4","st_abir_sukhani","coach-1","2026-08-17","PRESENT","06:00","08:00","coach_santosh","full_day",""
"at_00955","b_mwf_adv_c4","st_yuvaan_bajaj","coach-1","2026-08-17","EXCUSED","06:00","08:00","coach_santosh","full_day",""
"at_00956","b_mwf_adv_c5","st_kabir_ludhani","coach-1","2026-08-17","PRESENT","06:00","08:00","coach_anil","full_day",""
"at_00957","b_mwf_adv_c5","st_ayaan_salot","coach-1","2026-08-17","PRESENT","06:00","08:00","coach_anil","full_day",""
"at_00958","b_mwf_adv_c5","st_vivaan_mehra","coach-1","2026-08-17","LATE","06:00","08:00","coach_anil","full_day",""
"at_00959","b_mwf_adv_c5","st_dev_karnik","coach-1","2026-08-17","PRESENT","06:00","08:00","coach_anil","full_day",""
"at_00960","b_mwf_advgrn_c6","st_arjun_arya","coach-1","2026-08-17","PRESENT","06:00","08:00","coach_vinod","full_day",""
"at_00961","b_mwf_advgrn_c6","st_aarav_chandra","coach-1","2026-08-17","PRESENT","06:00","08:00","coach_vinod","full_day",""
"at_00962","b_mwf_orange_c5","st_aalya_saini","coach-1","2026-08-17","PRESENT","06:00","08:00","coach_karan","full_day",""
"at_00963","b_mwf_orange_c5","st_alina_yalla","coach-1","2026-08-17","PRESENT","06:00","08:00","coach_karan","full_day",""
"at_00964","b_mwf_orange_c5","st_aarush_sanghvi","coach-1","2026-08-17","PRESENT","06:00","08:00","coach_karan","full_day",""
"at_00965","b_mwf_orange_c5","st_meera_vivek","coach-1","2026-08-17","PRESENT","06:00","08:00","coach_karan","full_day",""
"at_00966","b_mwf_orange_c5","st_krisha_desai","coach-1","2026-08-17","PRESENT","06:00","08:00","coach_karan","full_day",""
"at_00967","b_mwf_orange_c5","st_aarshiv_karla","coach-1","2026-08-17","PRESENT","06:00","08:00","coach_karan","full_day",""
"at_00968","b_mwf_orange_c5","st_aroush_mehta","coach-1","2026-08-17","PRESENT","06:00","08:00","coach_karan","full_day",""
"at_00969","b_mwf_orange_c5","st_ivanka_chouhan","coach-1","2026-08-17","PRESENT","06:00","08:00","coach_karan","full_day",""
"at_00970","b_mwf_orange_c5","st_aarav_sanghvi","coach-1","2026-08-17","PRESENT","06:00","08:00","coach_karan","full_day",""
"at_00971","b_mwf_red_c6","st_shaurya_kothari","coach-1","2026-08-17","PRESENT","06:00","08:00","coach_sunil","full_day",""
"at_00972","b_mwf_red_c6","st_aarav_heble","coach-1","2026-08-17","PRESENT","06:00","08:00","coach_sunil","full_day",""
"at_00973","b_mwf_red_c6","st_aveer_vasant","coach-1","2026-08-17","ABSENT","06:00","08:00","coach_sunil","full_day",""
"at_00974","b_mwf_red_c6","st_alyssa_modawalla","coach-1","2026-08-17","PRESENT","06:00","08:00","coach_sunil","full_day",""
"at_00975","b_mwf_red_c6","st_aveera_rathod","coach-1","2026-08-17","ABSENT","06:00","08:00","coach_sunil","full_day",""
"at_00976","b_mwf_red_c6","st_alyza_jhaveri","coach-1","2026-08-17","PRESENT","06:00","08:00","coach_sunil","full_day",""
"at_00977","b_mwf_red_c6","st_aryaveer_rathod","coach-1","2026-08-17","PRESENT","06:00","08:00","coach_sunil","full_day",""
"at_00978","b_mwf_red_c6","st_ananya_dodhia","coach-1","2026-08-17","PRESENT","06:00","08:00","coach_sunil","full_day",""
"at_00979","b_mwf_red_c6","st_divyansh_bhatija","coach-1","2026-08-17","PRESENT","06:00","08:00","coach_sunil","full_day",""
"at_00980","b_mwf_red_c6","st_arya_mehta","coach-1","2026-08-17","PRESENT","06:00","08:00","coach_sunil","full_day",""
"at_00981","b_mwf_red_c6","st_agastya_kalra","coach-1","2026-08-17","PRESENT","06:00","08:00","coach_sunil","full_day",""
"at_00982","b_mwf_red_c6","st_kiara_shah","coach-1","2026-08-17","PRESENT","06:00","08:00","coach_sunil","full_day",""
"at_00983","b_mwf_green_c3","st_zain_guzman","coach-1","2026-08-17","PRESENT","06:00","08:00","coach_karim","full_day",""
"at_00984","b_mwf_green_c3","st_avyaan_barot","coach-1","2026-08-17","PRESENT","06:00","08:00","coach_karim","full_day",""
"at_00985","b_mwf_fit_a","st_hrivaan_mehta","coach-1","2026-08-17","LATE","06:00","08:00","coach_fitness","full_day",""
"at_00986","b_mwf_fit_a","st_arjun_arya","coach-1","2026-08-17","PRESENT","06:00","08:00","coach_fitness","full_day",""
"at_00987","b_mwf_fit_a","st_dev_karnik","coach-1","2026-08-17","PRESENT","06:00","08:00","coach_fitness","full_day",""
"at_00988","b_mwf_fit_a","st_zahaan_sachdeva","coach-1","2026-08-17","PRESENT","06:00","08:00","coach_fitness","full_day",""
"at_00989","b_mwf_fit_a","st_riddhima_shah","coach-1","2026-08-17","PRESENT","06:00","08:00","coach_fitness","full_day",""
"at_00990","b_mwf_fit_a","st_ayaan_salot","coach-1","2026-08-17","PRESENT","06:00","08:00","coach_fitness","full_day",""
"at_00991","b_mwf_fit_b","st_siddhanth_dsouza","coach-1","2026-08-17","PRESENT","06:00","08:00","coach_fitness","full_day",""
"at_00992","b_mwf_fit_b","st_aarush_khanna","coach-1","2026-08-17","PRESENT","06:00","08:00","coach_fitness","full_day",""
"at_00993","b_mwf_fit_b","st_aadvik_khanna","coach-1","2026-08-17","PRESENT","06:00","08:00","coach_fitness","full_day",""
"at_00994","b_mwf_fit_b","st_kaisha_mehta","coach-1","2026-08-17","PRESENT","06:00","08:00","coach_fitness","full_day",""
"at_00995","b_mwf_fit_b","st_arhaan_dutt","coach-1","2026-08-17","PRESENT","06:00","08:00","coach_fitness","full_day",""
"at_00996","b_mwf_fit_b","st_kimaya_katyal","coach-1","2026-08-17","PRESENT","06:00","08:00","coach_fitness","full_day",""
"at_00997","b_tts_int_c3","st_aarohi_singhal","coach-1","2026-08-18","PRESENT","06:00","08:00","coach_jagdish","full_day",""
"at_00998","b_tts_int_c4","st_amaira_chauhan","coach-1","2026-08-18","PRESENT","06:00","08:00","coach_nanu","full_day",""
"at_00999","b_tts_int_c4","st_arjun_choudhary","coach-1","2026-08-18","LATE","06:00","08:00","coach_nanu","full_day",""
"at_01000","b_tts_int_c5","st_hrivaan_mehta","coach-1","2026-08-18","PRESENT","06:00","08:00","coach_anil","full_day",""
"at_01001","b_tts_int_c5","st_siddharth_dsouza","coach-1","2026-08-18","PRESENT","06:00","08:00","coach_anil","full_day",""
"at_01002","b_tts_int_c5","st_vivaan_mehra","coach-1","2026-08-18","PRESENT","06:00","08:00","coach_anil","full_day",""
"at_01003","b_tts_int_c5","st_kimaya_katyal","coach-1","2026-08-18","PRESENT","06:00","08:00","coach_anil","full_day",""
"at_01004","b_tts_green_c5","st_inez_mehra","coach-1","2026-08-18","PRESENT","06:00","08:00","coach_karan","full_day",""
"at_01005","b_tts_green_c5","st_vrahad_arora","coach-1","2026-08-18","PRESENT","06:00","08:00","coach_karan","full_day",""
"at_01006","b_tts_green_c5","st_aksania_atal","coach-1","2026-08-18","PRESENT","06:00","08:00","coach_karan","full_day",""
"at_01007","b_tts_green_c5","st_arjun_shah","coach-1","2026-08-18","PRESENT","06:00","08:00","coach_karan","full_day",""
"at_01008","b_tts_green_c5","st_shivya_poddar","coach-1","2026-08-18","PRESENT","06:00","08:00","coach_karan","full_day",""
"at_01009","b_tts_green_c5","st_ayaan_sheth","coach-1","2026-08-18","ABSENT","06:00","08:00","coach_karan","full_day",""
"at_01010","b_tts_green_c5","st_arhaan_sanghvi","coach-1","2026-08-18","PRESENT","06:00","08:00","coach_karan","full_day",""
"at_01011","b_tts_green_c5","st_ananya_rajani","coach-1","2026-08-18","PRESENT","06:00","08:00","coach_karan","full_day",""
"at_01012","b_tts_green_c5","st_vivaan_oza","coach-1","2026-08-18","ABSENT","06:00","08:00","coach_karan","full_day",""
"at_01013","b_tts_green_c5","st_vihaan_vasant","coach-1","2026-08-18","LATE","06:00","08:00","coach_karan","full_day",""
"at_01014","b_tts_green_c6","st_amara_yalla","coach-1","2026-08-18","PRESENT","06:00","08:00","coach_karim","full_day",""
"at_01015","b_tts_green_c6","st_ahaan_kewalramani","coach-1","2026-08-18","LATE","06:00","08:00","coach_karim","full_day",""
"at_01016","b_tts_green_c6","st_viana_shah","coach-1","2026-08-18","PRESENT","06:00","08:00","coach_karim","full_day",""
"at_01017","b_tts_red_c6","st_ivana_ganeriwal","coach-1","2026-08-18","PRESENT","06:00","08:00","coach_sunil","full_day",""
"at_01018","b_tts_red_c6","st_kavir_chopra","coach-1","2026-08-18","PRESENT","06:00","08:00","coach_sunil","full_day",""
"at_01019","b_tts_red_c6","st_ariaan_khandelwal","coach-1","2026-08-18","PRESENT","06:00","08:00","coach_sunil","full_day",""
"at_01020","b_tts_red_c6","st_kianna_jain","coach-1","2026-08-18","PRESENT","06:00","08:00","coach_sunil","full_day",""
"at_01021","b_tts_red_c6","st_zayn_winston","coach-1","2026-08-18","PRESENT","06:00","08:00","coach_sunil","full_day",""
"at_01022","b_tts_red_c6","st_parth_mehta","coach-1","2026-08-18","PRESENT","06:00","08:00","coach_sunil","full_day",""
"at_01023","b_tts_red_c6","st_avish_shah","coach-1","2026-08-18","PRESENT","06:00","08:00","coach_sunil","full_day",""
"at_01024","b_tts_red_c6","st_anaiza_jhaveri","coach-1","2026-08-18","EXCUSED","06:00","08:00","coach_sunil","full_day",""
"at_01025","b_tts_red_c6","st_shauraya_sekhani","coach-1","2026-08-18","PRESENT","06:00","08:00","coach_sunil","full_day",""
"at_01026","b_tts_red_c6","st_nihira_desai","coach-1","2026-08-18","PRESENT","06:00","08:00","coach_sunil","full_day",""
"at_01027","b_tts_red_c6","st_kaira_vajifdar","coach-1","2026-08-18","PRESENT","06:00","08:00","coach_sunil","full_day",""
"at_01028","b_tts_red_c6","st_sohana_chandanani","coach-1","2026-08-18","PRESENT","06:00","08:00","coach_sunil","full_day",""
"at_01029","b_tts_fit_c6","st_amara_yalla","coach-1","2026-08-18","PRESENT","06:00","08:00","coach_fitness","full_day",""
"at_01030","b_tts_fit_c6","st_viana_shah","coach-1","2026-08-18","PRESENT","06:00","08:00","coach_fitness","full_day",""
"at_01031","b_tts_fit_c6","st_aarohi_singhal","coach-1","2026-08-18","PRESENT","06:00","08:00","coach_fitness","full_day",""
"at_01032","b_mwf_adv_c2","st_kaisha_mehta","coach-1","2026-08-19","PRESENT","06:00","08:00","coach_jagdish","full_day",""
"at_01033","b_mwf_adv_c2","st_arhaan_dutt","coach-1","2026-08-19","PRESENT","06:00","08:00","coach_jagdish","full_day",""
"at_01034","b_mwf_adv_c2","st_siddharth_dsouza","coach-1","2026-08-19","ABSENT","06:00","08:00","coach_jagdish","full_day",""
"at_01035","b_mwf_adv_c2","st_hrivaan_mehta","coach-1","2026-08-19","PRESENT","06:00","08:00","coach_jagdish","full_day",""
"at_01036","b_mwf_adv_c3","st_aarush_khanna","coach-1","2026-08-19","PRESENT","06:00","08:00","coach_nanu","full_day",""
"at_01037","b_mwf_adv_c3","st_aadvik_khanna","coach-1","2026-08-19","PRESENT","06:00","08:00","coach_nanu","full_day",""
"at_01038","b_mwf_adv_c3","st_thiyaan_manik","coach-1","2026-08-19","PRESENT","06:00","08:00","coach_nanu","full_day",""
"at_01039","b_mwf_adv_c3","st_arjun_moorthy","coach-1","2026-08-19","EXCUSED","06:00","08:00","coach_nanu","full_day",""
"at_01040","b_mwf_adv_c4","st_abir_sukhani","coach-1","2026-08-19","PRESENT","06:00","08:00","coach_santosh","full_day",""
"at_01041","b_mwf_adv_c4","st_yuvaan_bajaj","coach-1","2026-08-19","PRESENT","06:00","08:00","coach_santosh","full_day",""
"at_01042","b_mwf_adv_c5","st_kabir_ludhani","coach-1","2026-08-19","ABSENT","06:00","08:00","coach_anil","full_day",""
"at_01043","b_mwf_adv_c5","st_ayaan_salot","coach-1","2026-08-19","LATE","06:00","08:00","coach_anil","full_day",""
"at_01044","b_mwf_adv_c5","st_vivaan_mehra","coach-1","2026-08-19","EXCUSED","06:00","08:00","coach_anil","full_day",""
"at_01045","b_mwf_adv_c5","st_dev_karnik","coach-1","2026-08-19","PRESENT","06:00","08:00","coach_anil","full_day",""
"at_01046","b_mwf_advgrn_c6","st_arjun_arya","coach-1","2026-08-19","PRESENT","06:00","08:00","coach_vinod","full_day",""
"at_01047","b_mwf_advgrn_c6","st_aarav_chandra","coach-1","2026-08-19","PRESENT","06:00","08:00","coach_vinod","full_day",""
"at_01048","b_mwf_orange_c5","st_aalya_saini","coach-1","2026-08-19","PRESENT","06:00","08:00","coach_karan","full_day",""
"at_01049","b_mwf_orange_c5","st_alina_yalla","coach-1","2026-08-19","PRESENT","06:00","08:00","coach_karan","full_day",""
"at_01050","b_mwf_orange_c5","st_aarush_sanghvi","coach-1","2026-08-19","PRESENT","06:00","08:00","coach_karan","full_day",""
"at_01051","b_mwf_orange_c5","st_meera_vivek","coach-1","2026-08-19","PRESENT","06:00","08:00","coach_karan","full_day",""
"at_01052","b_mwf_orange_c5","st_krisha_desai","coach-1","2026-08-19","PRESENT","06:00","08:00","coach_karan","full_day",""
"at_01053","b_mwf_orange_c5","st_aarshiv_karla","coach-1","2026-08-19","PRESENT","06:00","08:00","coach_karan","full_day",""
"at_01054","b_mwf_orange_c5","st_aroush_mehta","coach-1","2026-08-19","PRESENT","06:00","08:00","coach_karan","full_day",""
"at_01055","b_mwf_orange_c5","st_ivanka_chouhan","coach-1","2026-08-19","PRESENT","06:00","08:00","coach_karan","full_day",""
"at_01056","b_mwf_orange_c5","st_aarav_sanghvi","coach-1","2026-08-19","PRESENT","06:00","08:00","coach_karan","full_day",""
"at_01057","b_mwf_red_c6","st_shaurya_kothari","coach-1","2026-08-19","PRESENT","06:00","08:00","coach_sunil","full_day",""
"at_01058","b_mwf_red_c6","st_aarav_heble","coach-1","2026-08-19","PRESENT","06:00","08:00","coach_sunil","full_day",""
"at_01059","b_mwf_red_c6","st_aveer_vasant","coach-1","2026-08-19","PRESENT","06:00","08:00","coach_sunil","full_day",""
"at_01060","b_mwf_red_c6","st_alyssa_modawalla","coach-1","2026-08-19","ABSENT","06:00","08:00","coach_sunil","full_day",""
"at_01061","b_mwf_red_c6","st_aveera_rathod","coach-1","2026-08-19","PRESENT","06:00","08:00","coach_sunil","full_day",""
"at_01062","b_mwf_red_c6","st_alyza_jhaveri","coach-1","2026-08-19","PRESENT","06:00","08:00","coach_sunil","full_day",""
"at_01063","b_mwf_red_c6","st_aryaveer_rathod","coach-1","2026-08-19","PRESENT","06:00","08:00","coach_sunil","full_day",""
"at_01064","b_mwf_red_c6","st_ananya_dodhia","coach-1","2026-08-19","PRESENT","06:00","08:00","coach_sunil","full_day",""
"at_01065","b_mwf_red_c6","st_divyansh_bhatija","coach-1","2026-08-19","PRESENT","06:00","08:00","coach_sunil","full_day",""
"at_01066","b_mwf_red_c6","st_arya_mehta","coach-1","2026-08-19","PRESENT","06:00","08:00","coach_sunil","full_day",""
"at_01067","b_mwf_red_c6","st_agastya_kalra","coach-1","2026-08-19","PRESENT","06:00","08:00","coach_sunil","full_day",""
"at_01068","b_mwf_red_c6","st_kiara_shah","coach-1","2026-08-19","PRESENT","06:00","08:00","coach_sunil","full_day",""
"at_01069","b_mwf_green_c3","st_zain_guzman","coach-1","2026-08-19","PRESENT","06:00","08:00","coach_karim","full_day",""
"at_01070","b_mwf_green_c3","st_avyaan_barot","coach-1","2026-08-19","PRESENT","06:00","08:00","coach_karim","full_day",""
"at_01071","b_mwf_fit_a","st_hrivaan_mehta","coach-1","2026-08-19","PRESENT","06:00","08:00","coach_fitness","full_day",""
"at_01072","b_mwf_fit_a","st_arjun_arya","coach-1","2026-08-19","LATE","06:00","08:00","coach_fitness","full_day",""
"at_01073","b_mwf_fit_a","st_dev_karnik","coach-1","2026-08-19","PRESENT","06:00","08:00","coach_fitness","full_day",""
"at_01074","b_mwf_fit_a","st_zahaan_sachdeva","coach-1","2026-08-19","PRESENT","06:00","08:00","coach_fitness","full_day",""
"at_01075","b_mwf_fit_a","st_riddhima_shah","coach-1","2026-08-19","ABSENT","06:00","08:00","coach_fitness","full_day",""
"at_01076","b_mwf_fit_a","st_ayaan_salot","coach-1","2026-08-19","PRESENT","06:00","08:00","coach_fitness","full_day",""
"at_01077","b_mwf_fit_b","st_siddhanth_dsouza","coach-1","2026-08-19","PRESENT","06:00","08:00","coach_fitness","full_day",""
"at_01078","b_mwf_fit_b","st_aarush_khanna","coach-1","2026-08-19","PRESENT","06:00","08:00","coach_fitness","full_day",""
"at_01079","b_mwf_fit_b","st_aadvik_khanna","coach-1","2026-08-19","ABSENT","06:00","08:00","coach_fitness","full_day",""
"at_01080","b_mwf_fit_b","st_kaisha_mehta","coach-1","2026-08-19","PRESENT","06:00","08:00","coach_fitness","full_day",""
"at_01081","b_mwf_fit_b","st_arhaan_dutt","coach-1","2026-08-19","PRESENT","06:00","08:00","coach_fitness","full_day",""
"at_01082","b_mwf_fit_b","st_kimaya_katyal","coach-1","2026-08-19","LATE","06:00","08:00","coach_fitness","full_day",""
"at_01083","b_tts_int_c3","st_aarohi_singhal","coach-1","2026-08-20","PRESENT","06:00","08:00","coach_jagdish","full_day",""
"at_01084","b_tts_int_c4","st_amaira_chauhan","coach-1","2026-08-20","PRESENT","06:00","08:00","coach_nanu","full_day",""
"at_01085","b_tts_int_c4","st_arjun_choudhary","coach-1","2026-08-20","PRESENT","06:00","08:00","coach_nanu","full_day",""
"at_01086","b_tts_int_c5","st_hrivaan_mehta","coach-1","2026-08-20","PRESENT","06:00","08:00","coach_anil","full_day",""
"at_01087","b_tts_int_c5","st_siddharth_dsouza","coach-1","2026-08-20","PRESENT","06:00","08:00","coach_anil","full_day",""
"at_01088","b_tts_int_c5","st_vivaan_mehra","coach-1","2026-08-20","PRESENT","06:00","08:00","coach_anil","full_day",""
"at_01089","b_tts_int_c5","st_kimaya_katyal","coach-1","2026-08-20","PRESENT","06:00","08:00","coach_anil","full_day",""
"at_01090","b_tts_green_c5","st_inez_mehra","coach-1","2026-08-20","PRESENT","06:00","08:00","coach_karan","full_day",""
"at_01091","b_tts_green_c5","st_vrahad_arora","coach-1","2026-08-20","PRESENT","06:00","08:00","coach_karan","full_day",""
"at_01092","b_tts_green_c5","st_aksania_atal","coach-1","2026-08-20","LATE","06:00","08:00","coach_karan","full_day",""
"at_01093","b_tts_green_c5","st_arjun_shah","coach-1","2026-08-20","PRESENT","06:00","08:00","coach_karan","full_day",""
"at_01094","b_tts_green_c5","st_shivya_poddar","coach-1","2026-08-20","PRESENT","06:00","08:00","coach_karan","full_day",""
"at_01095","b_tts_green_c5","st_ayaan_sheth","coach-1","2026-08-20","PRESENT","06:00","08:00","coach_karan","full_day",""
"at_01096","b_tts_green_c5","st_arhaan_sanghvi","coach-1","2026-08-20","PRESENT","06:00","08:00","coach_karan","full_day",""
"at_01097","b_tts_green_c5","st_ananya_rajani","coach-1","2026-08-20","PRESENT","06:00","08:00","coach_karan","full_day",""
"at_01098","b_tts_green_c5","st_vivaan_oza","coach-1","2026-08-20","PRESENT","06:00","08:00","coach_karan","full_day",""
"at_01099","b_tts_green_c5","st_vihaan_vasant","coach-1","2026-08-20","PRESENT","06:00","08:00","coach_karan","full_day",""
"at_01100","b_tts_green_c6","st_amara_yalla","coach-1","2026-08-20","PRESENT","06:00","08:00","coach_karim","full_day",""
"at_01101","b_tts_green_c6","st_ahaan_kewalramani","coach-1","2026-08-20","PRESENT","06:00","08:00","coach_karim","full_day",""
"at_01102","b_tts_green_c6","st_viana_shah","coach-1","2026-08-20","PRESENT","06:00","08:00","coach_karim","full_day",""
"at_01103","b_tts_red_c6","st_ivana_ganeriwal","coach-1","2026-08-20","PRESENT","06:00","08:00","coach_sunil","full_day",""
"at_01104","b_tts_red_c6","st_kavir_chopra","coach-1","2026-08-20","PRESENT","06:00","08:00","coach_sunil","full_day",""
"at_01105","b_tts_red_c6","st_ariaan_khandelwal","coach-1","2026-08-20","PRESENT","06:00","08:00","coach_sunil","full_day",""
"at_01106","b_tts_red_c6","st_kianna_jain","coach-1","2026-08-20","PRESENT","06:00","08:00","coach_sunil","full_day",""
"at_01107","b_tts_red_c6","st_zayn_winston","coach-1","2026-08-20","PRESENT","06:00","08:00","coach_sunil","full_day",""
"at_01108","b_tts_red_c6","st_parth_mehta","coach-1","2026-08-20","PRESENT","06:00","08:00","coach_sunil","full_day",""
"at_01109","b_tts_red_c6","st_avish_shah","coach-1","2026-08-20","PRESENT","06:00","08:00","coach_sunil","full_day",""
"at_01110","b_tts_red_c6","st_anaiza_jhaveri","coach-1","2026-08-20","PRESENT","06:00","08:00","coach_sunil","full_day",""
"at_01111","b_tts_red_c6","st_shauraya_sekhani","coach-1","2026-08-20","PRESENT","06:00","08:00","coach_sunil","full_day",""
"at_01112","b_tts_red_c6","st_nihira_desai","coach-1","2026-08-20","PRESENT","06:00","08:00","coach_sunil","full_day",""
"at_01113","b_tts_red_c6","st_kaira_vajifdar","coach-1","2026-08-20","PRESENT","06:00","08:00","coach_sunil","full_day",""
"at_01114","b_tts_red_c6","st_sohana_chandanani","coach-1","2026-08-20","PRESENT","06:00","08:00","coach_sunil","full_day",""
"at_01115","b_tts_fit_c6","st_amara_yalla","coach-1","2026-08-20","PRESENT","06:00","08:00","coach_fitness","full_day",""
"at_01116","b_tts_fit_c6","st_viana_shah","coach-1","2026-08-20","PRESENT","06:00","08:00","coach_fitness","full_day",""
"at_01117","b_tts_fit_c6","st_aarohi_singhal","coach-1","2026-08-20","EXCUSED","06:00","08:00","coach_fitness","full_day",""
"at_01118","b_mwf_adv_c2","st_kaisha_mehta","coach-1","2026-08-21","PRESENT","06:00","08:00","coach_jagdish","full_day",""
"at_01119","b_mwf_adv_c2","st_arhaan_dutt","coach-1","2026-08-21","PRESENT","06:00","08:00","coach_jagdish","full_day",""
"at_01120","b_mwf_adv_c2","st_siddharth_dsouza","coach-1","2026-08-21","PRESENT","06:00","08:00","coach_jagdish","full_day",""
"at_01121","b_mwf_adv_c2","st_hrivaan_mehta","coach-1","2026-08-21","PRESENT","06:00","08:00","coach_jagdish","full_day",""
"at_01122","b_mwf_adv_c3","st_aarush_khanna","coach-1","2026-08-21","PRESENT","06:00","08:00","coach_nanu","full_day",""
"at_01123","b_mwf_adv_c3","st_aadvik_khanna","coach-1","2026-08-21","PRESENT","06:00","08:00","coach_nanu","full_day",""
"at_01124","b_mwf_adv_c3","st_thiyaan_manik","coach-1","2026-08-21","PRESENT","06:00","08:00","coach_nanu","full_day",""
"at_01125","b_mwf_adv_c3","st_arjun_moorthy","coach-1","2026-08-21","PRESENT","06:00","08:00","coach_nanu","full_day",""
"at_01126","b_mwf_adv_c4","st_abir_sukhani","coach-1","2026-08-21","PRESENT","06:00","08:00","coach_santosh","full_day",""
"at_01127","b_mwf_adv_c4","st_yuvaan_bajaj","coach-1","2026-08-21","EXCUSED","06:00","08:00","coach_santosh","full_day",""
"at_01128","b_mwf_adv_c5","st_kabir_ludhani","coach-1","2026-08-21","PRESENT","06:00","08:00","coach_anil","full_day",""
"at_01129","b_mwf_adv_c5","st_ayaan_salot","coach-1","2026-08-21","PRESENT","06:00","08:00","coach_anil","full_day",""
"at_01130","b_mwf_adv_c5","st_vivaan_mehra","coach-1","2026-08-21","ABSENT","06:00","08:00","coach_anil","full_day",""
"at_01131","b_mwf_adv_c5","st_dev_karnik","coach-1","2026-08-21","PRESENT","06:00","08:00","coach_anil","full_day",""
"at_01132","b_mwf_advgrn_c6","st_arjun_arya","coach-1","2026-08-21","PRESENT","06:00","08:00","coach_vinod","full_day",""
"at_01133","b_mwf_advgrn_c6","st_aarav_chandra","coach-1","2026-08-21","PRESENT","06:00","08:00","coach_vinod","full_day",""
"at_01134","b_mwf_orange_c5","st_aalya_saini","coach-1","2026-08-21","PRESENT","06:00","08:00","coach_karan","full_day",""
"at_01135","b_mwf_orange_c5","st_alina_yalla","coach-1","2026-08-21","PRESENT","06:00","08:00","coach_karan","full_day",""
"at_01136","b_mwf_orange_c5","st_aarush_sanghvi","coach-1","2026-08-21","PRESENT","06:00","08:00","coach_karan","full_day",""
"at_01137","b_mwf_orange_c5","st_meera_vivek","coach-1","2026-08-21","PRESENT","06:00","08:00","coach_karan","full_day",""
"at_01138","b_mwf_orange_c5","st_krisha_desai","coach-1","2026-08-21","PRESENT","06:00","08:00","coach_karan","full_day",""
"at_01139","b_mwf_orange_c5","st_aarshiv_karla","coach-1","2026-08-21","PRESENT","06:00","08:00","coach_karan","full_day",""
"at_01140","b_mwf_orange_c5","st_aroush_mehta","coach-1","2026-08-21","PRESENT","06:00","08:00","coach_karan","full_day",""
"at_01141","b_mwf_orange_c5","st_ivanka_chouhan","coach-1","2026-08-21","LATE","06:00","08:00","coach_karan","full_day",""
"at_01142","b_mwf_orange_c5","st_aarav_sanghvi","coach-1","2026-08-21","ABSENT","06:00","08:00","coach_karan","full_day",""
"at_01143","b_mwf_red_c6","st_shaurya_kothari","coach-1","2026-08-21","PRESENT","06:00","08:00","coach_sunil","full_day",""
"at_01144","b_mwf_red_c6","st_aarav_heble","coach-1","2026-08-21","PRESENT","06:00","08:00","coach_sunil","full_day",""
"at_01145","b_mwf_red_c6","st_aveer_vasant","coach-1","2026-08-21","PRESENT","06:00","08:00","coach_sunil","full_day",""
"at_01146","b_mwf_red_c6","st_alyssa_modawalla","coach-1","2026-08-21","PRESENT","06:00","08:00","coach_sunil","full_day",""
"at_01147","b_mwf_red_c6","st_aveera_rathod","coach-1","2026-08-21","PRESENT","06:00","08:00","coach_sunil","full_day",""
"at_01148","b_mwf_red_c6","st_alyza_jhaveri","coach-1","2026-08-21","PRESENT","06:00","08:00","coach_sunil","full_day",""
"at_01149","b_mwf_red_c6","st_aryaveer_rathod","coach-1","2026-08-21","PRESENT","06:00","08:00","coach_sunil","full_day",""
"at_01150","b_mwf_red_c6","st_ananya_dodhia","coach-1","2026-08-21","ABSENT","06:00","08:00","coach_sunil","full_day",""
"at_01151","b_mwf_red_c6","st_divyansh_bhatija","coach-1","2026-08-21","PRESENT","06:00","08:00","coach_sunil","full_day",""
"at_01152","b_mwf_red_c6","st_arya_mehta","coach-1","2026-08-21","PRESENT","06:00","08:00","coach_sunil","full_day",""
"at_01153","b_mwf_red_c6","st_agastya_kalra","coach-1","2026-08-21","PRESENT","06:00","08:00","coach_sunil","full_day",""
"at_01154","b_mwf_red_c6","st_kiara_shah","coach-1","2026-08-21","PRESENT","06:00","08:00","coach_sunil","full_day",""
"at_01155","b_mwf_green_c3","st_zain_guzman","coach-1","2026-08-21","PRESENT","06:00","08:00","coach_karim","full_day",""
"at_01156","b_mwf_green_c3","st_avyaan_barot","coach-1","2026-08-21","PRESENT","06:00","08:00","coach_karim","full_day",""
"at_01157","b_mwf_fit_a","st_hrivaan_mehta","coach-1","2026-08-21","PRESENT","06:00","08:00","coach_fitness","full_day",""
"at_01158","b_mwf_fit_a","st_arjun_arya","coach-1","2026-08-21","PRESENT","06:00","08:00","coach_fitness","full_day",""
"at_01159","b_mwf_fit_a","st_dev_karnik","coach-1","2026-08-21","PRESENT","06:00","08:00","coach_fitness","full_day",""
"at_01160","b_mwf_fit_a","st_zahaan_sachdeva","coach-1","2026-08-21","EXCUSED","06:00","08:00","coach_fitness","full_day",""
"at_01161","b_mwf_fit_a","st_riddhima_shah","coach-1","2026-08-21","PRESENT","06:00","08:00","coach_fitness","full_day",""
"at_01162","b_mwf_fit_a","st_ayaan_salot","coach-1","2026-08-21","PRESENT","06:00","08:00","coach_fitness","full_day",""
"at_01163","b_mwf_fit_b","st_siddhanth_dsouza","coach-1","2026-08-21","PRESENT","06:00","08:00","coach_fitness","full_day",""
"at_01164","b_mwf_fit_b","st_aarush_khanna","coach-1","2026-08-21","LATE","06:00","08:00","coach_fitness","full_day",""
"at_01165","b_mwf_fit_b","st_aadvik_khanna","coach-1","2026-08-21","PRESENT","06:00","08:00","coach_fitness","full_day",""
"at_01166","b_mwf_fit_b","st_kaisha_mehta","coach-1","2026-08-21","PRESENT","06:00","08:00","coach_fitness","full_day",""
"at_01167","b_mwf_fit_b","st_arhaan_dutt","coach-1","2026-08-21","PRESENT","06:00","08:00","coach_fitness","full_day",""
"at_01168","b_mwf_fit_b","st_kimaya_katyal","coach-1","2026-08-21","PRESENT","06:00","08:00","coach_fitness","full_day",""
"at_01169","b_tts_int_c3","st_aarohi_singhal","coach-1","2026-08-22","PRESENT","06:00","08:00","coach_jagdish","full_day",""
"at_01170","b_tts_int_c4","st_amaira_chauhan","coach-1","2026-08-22","PRESENT","06:00","08:00","coach_nanu","full_day",""
"at_01171","b_tts_int_c4","st_arjun_choudhary","coach-1","2026-08-22","PRESENT","06:00","08:00","coach_nanu","full_day",""
"at_01172","b_tts_int_c5","st_hrivaan_mehta","coach-1","2026-08-22","ABSENT","06:00","08:00","coach_anil","full_day",""
"at_01173","b_tts_int_c5","st_siddharth_dsouza","coach-1","2026-08-22","PRESENT","06:00","08:00","coach_anil","full_day",""
"at_01174","b_tts_int_c5","st_vivaan_mehra","coach-1","2026-08-22","PRESENT","06:00","08:00","coach_anil","full_day",""
"at_01175","b_tts_int_c5","st_kimaya_katyal","coach-1","2026-08-22","PRESENT","06:00","08:00","coach_anil","full_day",""
"at_01176","b_tts_green_c5","st_inez_mehra","coach-1","2026-08-22","PRESENT","06:00","08:00","coach_karan","full_day",""
"at_01177","b_tts_green_c5","st_vrahad_arora","coach-1","2026-08-22","PRESENT","06:00","08:00","coach_karan","full_day",""
"at_01178","b_tts_green_c5","st_aksania_atal","coach-1","2026-08-22","PRESENT","06:00","08:00","coach_karan","full_day",""
"at_01179","b_tts_green_c5","st_arjun_shah","coach-1","2026-08-22","EXCUSED","06:00","08:00","coach_karan","full_day",""
"at_01180","b_tts_green_c5","st_shivya_poddar","coach-1","2026-08-22","PRESENT","06:00","08:00","coach_karan","full_day",""
"at_01181","b_tts_green_c5","st_ayaan_sheth","coach-1","2026-08-22","PRESENT","06:00","08:00","coach_karan","full_day",""
"at_01182","b_tts_green_c5","st_arhaan_sanghvi","coach-1","2026-08-22","EXCUSED","06:00","08:00","coach_karan","full_day",""
"at_01183","b_tts_green_c5","st_ananya_rajani","coach-1","2026-08-22","PRESENT","06:00","08:00","coach_karan","full_day",""
"at_01184","b_tts_green_c5","st_vivaan_oza","coach-1","2026-08-22","PRESENT","06:00","08:00","coach_karan","full_day",""
"at_01185","b_tts_green_c5","st_vihaan_vasant","coach-1","2026-08-22","PRESENT","06:00","08:00","coach_karan","full_day",""
"at_01186","b_tts_green_c6","st_amara_yalla","coach-1","2026-08-22","PRESENT","06:00","08:00","coach_karim","full_day",""
"at_01187","b_tts_green_c6","st_ahaan_kewalramani","coach-1","2026-08-22","PRESENT","06:00","08:00","coach_karim","full_day",""
"at_01188","b_tts_green_c6","st_viana_shah","coach-1","2026-08-22","PRESENT","06:00","08:00","coach_karim","full_day",""
"at_01189","b_tts_red_c6","st_ivana_ganeriwal","coach-1","2026-08-22","PRESENT","06:00","08:00","coach_sunil","full_day",""
"at_01190","b_tts_red_c6","st_kavir_chopra","coach-1","2026-08-22","LATE","06:00","08:00","coach_sunil","full_day",""
"at_01191","b_tts_red_c6","st_ariaan_khandelwal","coach-1","2026-08-22","PRESENT","06:00","08:00","coach_sunil","full_day",""
"at_01192","b_tts_red_c6","st_kianna_jain","coach-1","2026-08-22","PRESENT","06:00","08:00","coach_sunil","full_day",""
"at_01193","b_tts_red_c6","st_zayn_winston","coach-1","2026-08-22","PRESENT","06:00","08:00","coach_sunil","full_day",""
"at_01194","b_tts_red_c6","st_parth_mehta","coach-1","2026-08-22","PRESENT","06:00","08:00","coach_sunil","full_day",""
"at_01195","b_tts_red_c6","st_avish_shah","coach-1","2026-08-22","PRESENT","06:00","08:00","coach_sunil","full_day",""
"at_01196","b_tts_red_c6","st_anaiza_jhaveri","coach-1","2026-08-22","PRESENT","06:00","08:00","coach_sunil","full_day",""
"at_01197","b_tts_red_c6","st_shauraya_sekhani","coach-1","2026-08-22","PRESENT","06:00","08:00","coach_sunil","full_day",""
"at_01198","b_tts_red_c6","st_nihira_desai","coach-1","2026-08-22","PRESENT","06:00","08:00","coach_sunil","full_day",""
"at_01199","b_tts_red_c6","st_kaira_vajifdar","coach-1","2026-08-22","PRESENT","06:00","08:00","coach_sunil","full_day",""
"at_01200","b_tts_red_c6","st_sohana_chandanani","coach-1","2026-08-22","LATE","06:00","08:00","coach_sunil","full_day",""
"at_01201","b_tts_fit_c6","st_amara_yalla","coach-1","2026-08-22","LATE","06:00","08:00","coach_fitness","full_day",""
"at_01202","b_tts_fit_c6","st_viana_shah","coach-1","2026-08-22","PRESENT","06:00","08:00","coach_fitness","full_day",""
"at_01203","b_tts_fit_c6","st_aarohi_singhal","coach-1","2026-08-22","PRESENT","06:00","08:00","coach_fitness","full_day",""
"at_01204","b_wk_u8_230","st_prashi_iyer","coach-1","2026-08-22","PRESENT","06:00","08:00","coach_sunil","full_day",""
"at_01205","b_wk_u8_230","st_tanuj_gupte","coach-1","2026-08-22","PRESENT","06:00","08:00","coach_sunil","full_day",""
"at_01206","b_wk_u8_230","st_shivaay_ruia","coach-1","2026-08-22","PRESENT","06:00","08:00","coach_sunil","full_day",""
"at_01207","b_wk_u8_230","st_vansh_katari","coach-1","2026-08-22","PRESENT","06:00","08:00","coach_sunil","full_day",""
"at_01208","b_wk_u8_230","st_prabhit_kanakia","coach-1","2026-08-22","PRESENT","06:00","08:00","coach_sunil","full_day",""
"at_01209","b_wk_8p_230","st_ziana_vora","coach-1","2026-08-22","PRESENT","06:00","08:00","coach_karan","full_day",""
"at_01210","b_wk_8p_230","st_naavya_desai","coach-1","2026-08-22","PRESENT","06:00","08:00","coach_karan","full_day",""
"at_01211","b_wk_u8_330","st_sasha_saini","coach-1","2026-08-22","PRESENT","06:00","08:00","coach_sunil","full_day",""
"at_01212","b_wk_u8_330","st_shivan_chauhan","coach-1","2026-08-22","PRESENT","06:00","08:00","coach_sunil","full_day",""
"at_01213","b_wk_u8_330","st_advait_parekh","coach-1","2026-08-22","PRESENT","06:00","08:00","coach_sunil","full_day",""
"at_01214","b_wk_u8_330","st_rada_saran_koshcheeva","coach-1","2026-08-22","PRESENT","06:00","08:00","coach_sunil","full_day",""
"at_01215","b_wk_u8_330","st_maahi_pabari","coach-1","2026-08-22","PRESENT","06:00","08:00","coach_sunil","full_day",""
"at_01216","b_wk_u8_330","st_dhven_mukhi","coach-1","2026-08-22","PRESENT","06:00","08:00","coach_sunil","full_day",""
"at_01217","b_wk_8p_330","st_kyra_golcha","coach-1","2026-08-22","PRESENT","06:00","08:00","coach_karan","full_day",""
"at_01218","b_wk_8p_330","st_aditya_kapadia","coach-1","2026-08-22","PRESENT","06:00","08:00","coach_karan","full_day",""
"at_01219","b_wk_8p_330","st_ananya_kapadia","coach-1","2026-08-22","PRESENT","06:00","08:00","coach_karan","full_day",""
"at_01220","b_wk_8p_330","st_rehaan_merchant","coach-1","2026-08-22","PRESENT","06:00","08:00","coach_karan","full_day",""
"at_01221","b_wk_u8_230","st_prashi_iyer","coach-1","2026-08-23","PRESENT","06:00","08:00","coach_sunil","full_day",""
"at_01222","b_wk_u8_230","st_tanuj_gupte","coach-1","2026-08-23","PRESENT","06:00","08:00","coach_sunil","full_day",""
"at_01223","b_wk_u8_230","st_shivaay_ruia","coach-1","2026-08-23","PRESENT","06:00","08:00","coach_sunil","full_day",""
"at_01224","b_wk_u8_230","st_vansh_katari","coach-1","2026-08-23","PRESENT","06:00","08:00","coach_sunil","full_day",""
"at_01225","b_wk_u8_230","st_prabhit_kanakia","coach-1","2026-08-23","PRESENT","06:00","08:00","coach_sunil","full_day",""
"at_01226","b_wk_8p_230","st_ziana_vora","coach-1","2026-08-23","PRESENT","06:00","08:00","coach_karan","full_day",""
"at_01227","b_wk_8p_230","st_naavya_desai","coach-1","2026-08-23","PRESENT","06:00","08:00","coach_karan","full_day",""
"at_01228","b_wk_u8_330","st_sasha_saini","coach-1","2026-08-23","PRESENT","06:00","08:00","coach_sunil","full_day",""
"at_01229","b_wk_u8_330","st_shivan_chauhan","coach-1","2026-08-23","PRESENT","06:00","08:00","coach_sunil","full_day",""
"at_01230","b_wk_u8_330","st_advait_parekh","coach-1","2026-08-23","PRESENT","06:00","08:00","coach_sunil","full_day",""
"at_01231","b_wk_u8_330","st_rada_saran_koshcheeva","coach-1","2026-08-23","PRESENT","06:00","08:00","coach_sunil","full_day",""
"at_01232","b_wk_u8_330","st_maahi_pabari","coach-1","2026-08-23","PRESENT","06:00","08:00","coach_sunil","full_day",""
"at_01233","b_wk_u8_330","st_dhven_mukhi","coach-1","2026-08-23","PRESENT","06:00","08:00","coach_sunil","full_day",""
"at_01234","b_wk_8p_330","st_kyra_golcha","coach-1","2026-08-23","LATE","06:00","08:00","coach_karan","full_day",""
"at_01235","b_wk_8p_330","st_aditya_kapadia","coach-1","2026-08-23","PRESENT","06:00","08:00","coach_karan","full_day",""
"at_01236","b_wk_8p_330","st_ananya_kapadia","coach-1","2026-08-23","PRESENT","06:00","08:00","coach_karan","full_day",""
"at_01237","b_wk_8p_330","st_rehaan_merchant","coach-1","2026-08-23","PRESENT","06:00","08:00","coach_karan","full_day",""